Fecha detección;Organización;Categoría;Red AFE;Vacante;Ubicación;Lugar publicado;Fecha publicada;Coincide con perfil;Enlace
2026-10-05 22:36;3iS;Evaluación;;Servicios Experto/a Gestor/a de Información Local – Antioquia – ROSTER;Colombia;;;;https://3is.org/jobs/servicios-experto-a-gestor-a-de-informacion-local-antioquia-roster
2026-10-05 22:36;3iS;Evaluación;;Servicios Experto/a Gestor/a de Información Local – Caquetá (ROSTER);Colombia;;;;https://3is.org/jobs/servicios-experto-a-gestor-a-de-informacion-local-caqueta-roster
2026-10-05 22:36;3iS;Evaluación;;Servicios Experto/a Gestor/a de Información Local – Magdalena Medio (ROSTER);Colombia;;;;https://3is.org/jobs/servicios-experto-a-gestor-a-de-informacion-local-magdalena-medio-roster
2026-10-05 22:36;3iS;Evaluación;;Servicios Experto/a Gestor/a de Información Local – Norte de Santander – ROSTER;Colombia;;;;https://3is.org/jobs/servicios-experto-a-gestor-a-de-informacion-local-norte-de-santander-roster
2026-10-05 22:36;Acceso;Desarrollo Comunitario;;Líder de Logística;Colombia;;;;https://acceso.org/jobs/lider-de-logistica
2026-10-05 22:36;Acceso;Desarrollo Comunitario;;Técnico de campo – Norte de Santander;Colombia;;;;https://acceso.org/jobs/tecnico-de-campo-norte-de-santander
2026-10-05 22:36;Aeiotú;Niñez;Sí;Asistente Administrativo – jardín Contador Bogotá;Colombia;;;Bogotá;https://red.aeiotu.org/talento/oferta/asistente-administrativo-jardin-contador-bogota
2026-10-05 22:36;Aeiotú;Niñez;Sí;Coordinador(a) Jardin - Bogotá;Colombia;;;Bogotá, coordinador;https://red.aeiotu.org/talento/oferta/coordinadora-jardin-bogota
2026-10-05 22:36;Aeiotú;Niñez;Sí;Líder Contable;Colombia (organización colombiana);;;;https://red.aeiotu.org/talento/oferta/lider-contable
2026-10-07 06:33;Aeiotú;Niñez;Sí;Profesional de contabilidad y costos;Colombia (organización colombiana);;;;https://red.aeiotu.org/talento/oferta/profesional-de-contabilidad-y-costos-2
2026-10-05 22:36;Agata Data - Agencia Analítica de Datos;Gobierno;;VER CONVOCATORIA;Colombia (organización colombiana);;;;https://drive.google.com/file/d/1Dxda639nyFGkORCy-x-xNV9IMJvEkMra/view?usp=sharing
2026-10-05 22:36;Agata Data - Agencia Analítica de Datos;Gobierno;;VER CONVOCATORIA;Colombia (organización colombiana);;;;https://drive.google.com/file/d/15hW9_ocTY3fsz9kM_ns5zuENcuHqgqNf/view?usp=sharing
2026-10-05 22:36;Agata Data - Agencia Analítica de Datos;Gobierno;;VER CONVOCATORIA AUTOMATIZACIÓN DE LEADS;Colombia (organización colombiana);;;;https://docs.google.com/document/d/1Y-8pOPoH_NMOpAPZWlHI4nsH-bLW_WGboSq0GtXPz14/edit?usp=sharing
2026-10-05 22:36;Agata Data - Agencia Analítica de Datos;Gobierno;;VER CONVOCATORIA DE ALIADOS;Colombia (organización colombiana);;;;https://docs.google.com/document/d/1QYo52vvXF3OdNe8u05Z2vlq-fJe1RwXVv_8YPC0Du8g/edit?usp=sharing
2026-10-05 22:36;Agata Data - Agencia Analítica de Datos;Gobierno;;VER CONVOCATORIA DE PROVEEDORES;Colombia (organización colombiana);;;;https://docs.google.com/document/d/1HdWbUUjDJW1iYroB9al7CS6RckPXfTl1GtasXzfn_OQ/edit?usp=sharing
2026-10-05 22:36;Agata Data - Agencia Analítica de Datos;Gobierno;;VER LOS TÉRMINOS DE REFERENCIA;Colombia (organización colombiana);;;;https://docs.google.com/document/d/1-wY-a88KWqagIF-uucV10hUSo2__G2nD4plElWI1Itw/edit?usp=sharing
2026-10-07 06:33;Agencia de Cooperación Internacional de Medellín;Cooperación;;Oferta 05 asistente direccion compressed;Colombia (organización colombiana);;;;https://acimedellin.org/wp-content/uploads/2026/09/Oferta-05-asistente-direccion_compressed.pdf
2026-10-07 06:33;Agencia de Cooperación Internacional de Medellín;Cooperación;;Profesional gestion administrativa compressed;Colombia (organización colombiana);;;;https://acimedellin.org/wp-content/uploads/2026/09/profesional-gestion-administrativa_compressed.pdf
2026-10-05 22:36;Agencia Italiana de Cooperación para el Desarrollo (AICS);Cooperación;;AICS Bogotá - Convocatoria de selección - Profesional de gestión de proyecto;Colombia;;;Bogotá;https://trasparenzabogota.aics.gov.it/archivio22_bandi-di-concorso_0_28152_806_1.html
2026-10-05 22:36;Agencia Italiana de Cooperación para el Desarrollo (AICS);Cooperación;;AICS Bogotá - Convocatoria de selección - Profesional Forestal;Colombia;;;Bogotá;https://trasparenzabogota.aics.gov.it/archivio22_bandi-di-concorso_0_28151_806_1.html
2026-10-05 22:36;Agencia Italiana de Cooperación para el Desarrollo (AICS);Cooperación;;Avviso di selezione AICS_Bogota_08/2025 - Asistente de Programa (Amazonia+) Colombia;Colombia;;;Colombia;https://trasparenzabogota.aics.gov.it/archivio22_bandi-di-concorso_0_28501_806_1.html
2026-10-05 22:36;Agencia Italiana de Cooperación para el Desarrollo (AICS);Cooperación;;Avviso di selezione, con codice identificativo AICS_Bogotà_07/2026, per il reclutamento di un Coordinatore/trice amministrativo/a  Livello Manager Low;Colombia (organización colombiana);;;;https://trasparenzabogota.aics.gov.it/archivio22_bandi-di-concorso_0_35051_806_1.html
2026-10-05 22:36;Agencia Italiana de Cooperación para el Desarrollo (AICS);Cooperación;;Convocatoria de seleccion AICS_Bogotá_03/2025 Profesional Ambiental (Leticia);Colombia;;;;https://trasparenzabogota.aics.gov.it/archivio22_bandi-di-concorso_0_27741_806_1.html
2026-10-05 22:36;Agencia Italiana de Cooperación para el Desarrollo (AICS);Cooperación;;Convocatoria de seleccion AICS_Bogotá_04/2025 Profesional Ambiental (San Andrés);Colombia;;;;https://trasparenzabogota.aics.gov.it/archivio22_bandi-di-concorso_0_27742_806_1.html
2026-10-05 22:36;Agencia Italiana de Cooperación para el Desarrollo (AICS);Cooperación;;Convocatoria de selección AICS_Bogota_01/2026 Asistente Administrativo/a;Colombia (organización colombiana);;;;https://trasparenzabogota.aics.gov.it/archivio22_bandi-di-concorso_0_32875_806_1.html
2026-10-05 22:36;Agencia Italiana de Cooperación para el Desarrollo (AICS);Cooperación;;Convocatoria de selección AICS_Bogota_02/2026 Coordinador/a Secretariado Programa Amazonia+;Colombia (organización colombiana);;;coordinador;https://trasparenzabogota.aics.gov.it/archivio22_bandi-di-concorso_0_32877_806_1.html
2026-10-05 22:36;Agencia Italiana de Cooperación para el Desarrollo (AICS);Cooperación;;Convocatoria de selección AICS_Bogota_03/2026 Experto Administrativo (Low);Colombia (organización colombiana);;;;https://trasparenzabogota.aics.gov.it/archivio22_bandi-di-concorso_0_32940_806_1.html
2026-10-05 22:36;Agencia Italiana de Cooperación para el Desarrollo (AICS);Cooperación;;Convocatoria de selección AICS_Bogota_04/2026 Experto Administrativo-Contable (High);Colombia (organización colombiana);;;;https://trasparenzabogota.aics.gov.it/archivio22_bandi-di-concorso_0_32941_806_1.html
2026-10-05 22:36;Agencia Italiana de Cooperación para el Desarrollo (AICS);Cooperación;;Convocatoria de selección AICS_Bogota_05/2026 Coordinador/a Programas/Proyectos (Manager Low);Colombia (organización colombiana);;;coordinador, programas;https://trasparenzabogota.aics.gov.it/archivio22_bandi-di-concorso_0_32942_806_1.html
2026-10-05 22:36;Agencia Italiana de Cooperación para el Desarrollo (AICS);Cooperación;;Convocatoria de selección AICS_Bogota_08/2026 Asistente administrativo secretaría y recursos humanos (Esecutivo);Colombia (organización colombiana);;;;https://trasparenzabogota.aics.gov.it/archivio22_bandi-di-concorso_0_35721_806_1.html
2026-10-05 22:36;Agencia Italiana de Cooperación para el Desarrollo (AICS);Cooperación;;Convocatoria de selección AICS_Bogota_09/2026 Coordinador de Programas/Proyectos (Experto High);Colombia (organización colombiana);;;coordinador, programas;https://trasparenzabogota.aics.gov.it/archivio22_bandi-di-concorso_0_35748_806_1.html
2026-10-05 22:36;Agencia Italiana de Cooperación para el Desarrollo (AICS);Cooperación;;Responsable de la Coordinacion Interinstitucional del Programa Amazonía+;Colombia (organización colombiana);;;;https://trasparenzabogota.aics.gov.it/archivio22_bandi-di-concorso_0_29318_806_1.html
2026-10-05 22:36;American Red Cross;Humanitario;;Finance Manager, Real Estate & Facilities * Work from home;Remoto;Statewide, DC;Posted 5 Days Ago;;https://americanredcross.wd1.myworkdayjobs.com/American_Red_Cross_Careers/job/Statewide-DC/Finance-Manager-for-Real-Estate---Facilities_RC91455
2026-10-05 22:36;AVINA;Desarrollo Comunitario;;REMOTO – CONSULTORÍA PARA SISTEMATIZACIÓN Y COMUNICACIÓN DE APRENDIZAJES;Remoto;;;remoto;https://www.avina.net/remoto-consultoria-para-sistematizacion-y-comunicacion-de-aprendizajes
2026-10-05 22:36;Ayuda en Acción Colombia;Desarrollo Económico;;Ver ofertas de consultoría;Colombia (organización colombiana);;;;https://empleoayudaenaccion.talentclue.com/es/node/57195952?_gl=1%2A140lyo5%2A_gcl_au%2ANTk3MDQ4MDEyLjE3MzQ2MTY4MzAuMjk5ODE5NjI2LjE3MzkyOTU1NzguMTczOTI5NjM2OQ..
2026-10-05 22:36;Banco de la República;Desarrollo Económico;;Auxiliar Administrativo(a) Sec. Música (198-2026);Colombia;;;;https://www.magneto365.com/co/empleos/auxiliar-administrativo-a-bogota-198-2026-1080589
2026-10-05 22:36;Banco de la República;Desarrollo Económico;;Bogotá: Ingeniero(a) Mecánico de Infraestructura -Sistemas Técnicos- (197-2026);Colombia;;;Bogotá;https://www.magneto365.com/co/empleos/bogota-ingeniero-a-mecanico-de-infraestructura-sistemas-tecnicos-197-2026-1088368
2026-10-05 22:36;Banco de la República;Desarrollo Económico;;Bogotá: Profesional Esp. Arquitecto(a) Sistemas de Información (201-2026);Colombia;;;Bogotá;https://www.magneto365.com/co/empleos/bogota-profesional-especializado-a-arquitecto-a-sistemas-de-informacion-201-2026-1087488
2026-10-05 22:36;Banco de la República;Desarrollo Económico;;Profesional Especializado(a) - Centro Cultural Barranquilla (164-2026);Colombia;;;;https://www.magneto365.com/co/empleos/profesional-especializado-a-barranquilla-164-2026-1084844
2026-10-05 22:36;Banco de la República;Desarrollo Económico;;Profesional Especializado(a) Analítica De Datos - Talento Que Transforma;Colombia;;;;https://www.magneto365.com/co/empleos/profesional-especializado-a-analitica-de-datos-talento-que-transforma-1005586
2026-10-05 23:06;CARE Colombia;Humanitario;;Consultoría para la Elaboración de un Informe de Evaluación de Necesidades_2026;Colombia;;;;https://carecolombiaong.org/trabajo/consultoria-para-la-elaboracion-de-un-informe-de-evaluacion-de-necesidades_2026
2026-10-05 23:06;CARE Colombia;Humanitario;;Coordinación de Alianzas con el Sector Privado;Colombia;;;;https://carecolombiaong.org/?post_type=job_listing&p=3102
2026-10-05 23:06;CARE Colombia;Humanitario;;Dirección de Unidad de Apoyo;Colombia;;;;https://carecolombiaong.org/?post_type=job_listing&p=2999
2026-10-05 22:36;Careers Job International;Agregador;;(RFP301401) – Asistente II- Servicios Generales at Colombia;Colombia;;;Colombia;https://www.careerjobsinternational.org/jobs/rfp301401-asistente-ii-servicios-generales-at-colombia
2026-10-05 22:36;Careers Job International;Agregador;;Asistente Senior de Programas at Colombia;Colombia;;;Colombia, programas;https://www.careerjobsinternational.org/jobs/asistente-senior-de-programas-at-colombia
2026-10-05 22:36;Careers Job International;Agregador;;Asociado/a técnico/a en Género, Derechos Humanos e Interculturalidad, Bogotá, LSC6 at Colombia;Colombia;;;Colombia, Bogotá;https://www.careerjobsinternational.org/jobs/asociado-a-tecnico-a-en-genero-derechos-humanos-e-interculturalidad-bogota-lsc6-at-colombia
2026-10-05 22:36;Careers Job International;Agregador;;Auxiliar de Programas IDM at Colombia;Colombia;;;Colombia, programas;https://www.careerjobsinternational.org/jobs/auxiliar-de-programas-idm-at-colombia
2026-10-05 22:36;Careers Job International;Agregador;;Especialista 4Mi at Colombia;Colombia;;;Colombia;https://www.careerjobsinternational.org/jobs/especialista-4mi-at-colombia
2026-10-05 22:36;Careers Job International;Agregador;;Líder de Equipo de Protección at Colombia;Colombia;;;Colombia;https://www.careerjobsinternational.org/jobs/lider-de-equipo-de-proteccion-at-colombia
2026-10-05 22:36;Careers Job International;Agregador;;Oficial de Soporte – Venezuela/Ecuador (Puesto Nacional) – Colombia;Colombia;;;Colombia;https://www.careerjobsinternational.org/jobs/oficial-de-soporte-venezuela-ecuador-puesto-nacional-colombia
2026-10-05 22:36;Careers Job International;Agregador;;ONU MUJERES: ANALISTA DE APOYO A LA REPRESENTACIÓN – BOGOTÁ – COLOMBIA – N-PPSA8 – BOGOTA, COLOMBIA;Colombia;;;Colombia, Bogotá;https://www.careerjobsinternational.org/jobs/onu-mujeres-analista-de-apoyo-a-la-representacion-bogota-colombia-n-ppsa8-bogota-colombia
2026-10-05 22:36;Careers Job International;Agregador;;ONU MUJERES: ASISTENTE DE COMUNICACIÓN PARA PROGRAMAS – PASTO – COLOMBIA – N-PPSA5 – PASTO, COLOMBIA;Colombia;;;Colombia, programas;https://www.careerjobsinternational.org/jobs/onu-mujeres-asistente-de-comunicacion-para-programas-pasto-colombia-n-ppsa5-pasto-colombia
2026-10-05 22:36;Careers4Change;Agregador;;Partnerships Manager;Remoto;;;;https://careers4change.com/jobs/partnershipsmanager-177
2026-10-05 22:36;Cidemos;Desarrollo Comunitario;;Convocatoria 07 - 2026;Colombia (organización colombiana);;;;https://www.cidemos.org/publicaciones/publicaciones/anteriores/convocatoria-07-2026
2026-10-05 22:36;Cidemos;Desarrollo Comunitario;;Convocatoria 08 - 2026;Colombia (organización colombiana);;;;https://www.cidemos.org/publicaciones/publicaciones/anteriores/convocatoria-08-2026
2026-10-05 22:36;Cidemos;Desarrollo Comunitario;;Convocatoria Banco de Hojas de Vida 002 - 2026;Colombia (organización colombiana);;;;https://www.cidemos.org/publicaciones/publicaciones/anteriores/convocatoria-banco-de-hojas-de-vida-002-2026
2026-10-05 22:36;Cidemos;Desarrollo Comunitario;;Convocatoria No. 06 de 2026;Colombia (organización colombiana);;;;https://www.cidemos.org/publicaciones/publicaciones/vigentes/convocatoria-no-06-de-2026
2026-10-05 22:36;Clac Comercio Justo;Desarrollo Comunitario;;Vacante: Gestor(a) de País – Colombia;Colombia;;;Colombia;https://clac-comerciojusto.org/vacante-gestora-de-pais-colombia-2
2026-10-05 23:06;Conservación Internacional Colombia;Sostenibilidad;;Convocatoria no coordinación técnica del proyecto estrategia regional de economía azul sostenible del cmar;Colombia (organización colombiana);;;;http://www.conservation.org.co/Convocatorias/convocatoria-no.-coordinación-técnica-del-proyecto-estrategia-regional-de-economía-azul-sostenible-del-cmar
2026-10-05 23:06;Conservation Careers;Sostenibilidad;;Chief Program Officer;Remoto;;;;https://www.conservation-careers.com/job/island-conservation-remote-senior-chief-program-officer
2026-10-05 23:06;Conservation Careers;Sostenibilidad;;Operations, Permits & Logistics Officer;Remoto;;;;https://www.conservation-careers.com/job/operations-permits-logistics-officer
2026-10-05 22:36;Control Risks;Asuntos Públicos;;Associate Director, Embedded Consulting;Colombia;Bogotá, Colombia;2026-08-27;Colombia, Bogotá;https://apply.workable.com/j/13B8283C53
2026-10-05 22:36;Control Risks;Asuntos Públicos;;Consultant - Forensic Accountant;Colombia;Bogotá, Colombia;2026-07-30;Colombia, Bogotá;https://apply.workable.com/j/C6D073FFCE
2026-10-05 23:06;Corporación Interactuar;Desarrollo Económico;Sí;Asesor Comercial / Empresarial (Rionegro y Marinilla);Colombia;;;;https://corporacion-interactuar.pandape.computrabajo.com/Detail/13727031
2026-10-05 23:06;Corporación Interactuar;Desarrollo Económico;Sí;Asesor Comercial / Empresarial El Bagre;Colombia;;;;https://corporacion-interactuar.pandape.computrabajo.com/Detail/13697015
2026-10-07 06:33;Corporación Interactuar;Desarrollo Económico;Sí;Asesor Comercial / Empresarial Medellín / Área Metropolitana;Colombia;;;;https://corporacion-interactuar.pandape.computrabajo.com/Detail/13832900
2026-10-05 23:06;Corus International;Humanitario;;Regional Health Advisor - Latin America and the Caribbean (Consultant);Colombia;;;Latin America;https://corus.applicantpro.com/jobs/4176204
2026-10-05 23:06;Dejusticia;Evaluación;;Convocatoria pasantias dejusticia para el 2026;Colombia;;;;https://www.dejusticia.org/convocatoria-pasantias-dejusticia-para-el-2026-1
2026-10-05 22:36;Democracy Jobs;Agregador;;Postdoctoral Fellowship at Hoover Institution, Stanford University – RAI;Remoto;;;;https://www.democracyjobs.org/jobs/649575393-postdoctoral-fellowship-at-hoover-institution-stanford-university-rai
2026-10-05 22:36;Democracy Jobs;Agregador;;Senior Associate, Strategy and Build – GDI Americas;Remoto;;;;https://www.democracyjobs.org/jobs/686226376-senior-associate-strategy-and-build-gdi-americas
2026-10-05 22:36;Desjardins;Inversión de Impacto;;Fraud Prevention Advisor, Remote;Remoto;Montréal;Posted 23 Days Ago;remote;https://desjardins.wd10.myworkdayjobs.com/Desjardins/job/Montral/Fraud-Prevention-Advisor--Remote_R2511328-1
2026-10-05 22:36;DT Global;Implementador;;Expression of Interest - Research Consultant/Research Firm: Falepili Mobility Pathway Economic Impact and Policy Research;Remoto;;;;https://lde.tbe.taleo.net/lde01/ats/careers/v2/viewRequisition?org=URSAUS&cws=39&rid=5092
2026-10-07 06:33;Embajada Británica en Colombia;Sostenibilidad;;Environmental Crime Adviser, British Embassy Bogota;Colombia;;;Bogotá;https://fco.tal.net/vx/lang-en-GB/mobile-0/appcentre-1/brand-2/xf-e13994389f75/candidate/so/pm/4/pl/1/opp/27602-Environmental-Crime-Adviser-British-Embassy-Bogota/en-GB
2026-10-07 06:33;Embajada Británica en Colombia;Sostenibilidad;;Head of Communications - British Embassy Bogotá;Colombia;;;Bogotá;https://fco.tal.net/vx/lang-en-GB/mobile-0/appcentre-1/brand-2/xf-e13994389f75/candidate/so/pm/4/pl/1/opp/27587-Head-of-Communications-British-Embassy-Bogot%C3%A1/en-GB
2026-10-05 22:36;Embajada de Australia en Bogota;Diplomático;;Position Description;Colombia (organización colombiana);;;;https://dfatcareers.nga.net.au/publicfiles/dfatcareers/jobs/EF814D89-A208-4EF6-A8ED-B4D000290634/Position%20Description%20-Bogota%20-%20AFP%20Program%20Support%20Officer%20PN%20BC019%20-%20LE4.pdf
2026-10-05 23:06;Federación Nacional de Cacaoteros Fedecacao;Gremio;;ADENDA CONVOCATORIA AUXILIAR FINANCIERO SEDE BOGOTA D.C.;Colombia;;;Bogotá;https://www.fedecacao.com.co/convocatorias-fedecacao/adenda-convocatoria-auxiliar-financiero-sede-bogota-dc
2026-10-05 23:06;Federación Nacional de Cacaoteros Fedecacao;Gremio;;ADENDA CONVOCATORIA CONTADOR - FONDO DE ESTABILIZACIÓN DE PRECIOS DE CACAO – BOGOTÁ D.C;Colombia;;;Bogotá;https://www.fedecacao.com.co/convocatorias-fedecacao/adenda-convocatoria-contador-fondo-de-estabilizacion-de-precios-de-cacao-bogota-dc
2026-10-05 23:06;Federación Nacional de Cacaoteros Fedecacao;Gremio;;ADENDA CONVOCATORIA No2 PROFESIONAL DE APOYO CONTABLE SEDE BOGOTA D.C.;Colombia;;;Bogotá;https://www.fedecacao.com.co/convocatorias-fedecacao/adenda-convocatoria-no2-profesional-de-apoyo-contable-sede-bogota-dc
2026-10-05 23:06;Federación Nacional de Cacaoteros Fedecacao;Gremio;;ADENDA CONVOCATORIA PROFESIONAL DE APOYO CONTABLE SEDE BOGOTA D.C.;Colombia;;;Bogotá;https://www.fedecacao.com.co/convocatorias-fedecacao/adenda-convocatoria-profesional-de-apoyo-contable-sede-bogota-dc
2026-10-05 23:06;Federación Nacional de Cacaoteros Fedecacao;Gremio;;Consultoría técnica pronóstico de cosecha de cacao;Colombia;;;;https://www.fedecacao.com.co/convocatorias-fedecacao/consultoria-tecnica-pronostico-de-cosecha-de-cacao
2026-10-05 23:06;Federación Nacional de Cacaoteros Fedecacao;Gremio;;Contador (a);Colombia (organización colombiana);;;;https://www.fedecacao.com.co/convocatorias-fedecacao/contador-a
2026-10-05 23:06;Federación Nacional de Cacaoteros Fedecacao;Gremio;;CONVOCATORIA ASITENTE CONTABLE SEDE BOGOTA D.C;Colombia;;;Bogotá;https://www.fedecacao.com.co/convocatorias-fedecacao/convocatoria-asitente-contable-sede-bogota-dc
2026-10-05 22:36;Fondo Acción;Sostenibilidad;;Asistente de Acompañamiento a Proyectos - SolNatura;Colombia (organización colombiana);;;;https://fondoaccion.org/2026/03/10/solnatura-asistente-acomp-py
2026-10-05 22:36;Fondo Acción;Sostenibilidad;;Asistente Financiero de Acompañamiento a Proyectos Santander - Solnatura;Colombia;;;;https://fondoaccion.org/wp-content/uploads/2024/10/Copia-de-DJI_0144.jpg
2026-10-05 22:36;Fondo Acción;Sostenibilidad;;Asistente Financiero de Acompañamiento a Proyectos Santander - Solnatura;Colombia;;;;https://fondoaccion.org/2026/08/05/asistente-financiero-de-acompanamiento-a-proyectos-santander-proyecto-solnatura
2026-10-05 22:36;Fondo Acción;Sostenibilidad;;Asistente Técnico de Acompañamiento a Proyectos - SolNatura;Colombia (organización colombiana);;;;https://fondoaccion.org/wp-content/uploads/2026/02/solnatura-scaled.jpg
2026-10-05 22:36;Fondo Acción;Sostenibilidad;;Asistente Técnico de Acompañamiento a Proyectos - SolNatura;Colombia (organización colombiana);;;;https://fondoaccion.org/2026/03/17/solnatura-asistente-tec-py
2026-10-05 22:36;Fondo Acción;Sostenibilidad;;Auxiliar Contable - CICHVA-004-FAC5-2026;Colombia (organización colombiana);;;;https://fondoaccion.org/wp-content/uploads/2025/12/Copia-de-IMG_0404.jpg
2026-10-05 22:36;Fondo Acción;Sostenibilidad;;Auxiliar Contable - CICHVA-004-FAC5-2026;Colombia (organización colombiana);;;;https://fondoaccion.org/2026/04/28/cichva-004-fac5-2026
2026-10-05 22:36;Fondo Acción;Sostenibilidad;;Auxiliar de Archivo Unidad de Gestión - n.° CICHVA-002-FAC5-2026;Colombia (organización colombiana);;;;https://fondoaccion.org/2026/01/20/cichva-002-fac5-2026
2026-10-05 22:36;Fondo Acción;Sostenibilidad;;Consultoría para Coordinador(a) de Economía Azul – Pacífico colombiano;Colombia;;;coordinador;https://fondoaccion.org/wp-content/uploads/2025/06/2-Camilla_ocean-7330869-scaled.jpg
2026-10-05 22:36;Fondo Acción;Sostenibilidad;;Consultoría para Coordinador(a) de Economía Azul – Pacífico colombiano;Colombia;;;coordinador;https://fondoaccion.org/2026/09/29/coord-economia-azul-pacifico
2026-10-05 22:36;Fondo Acción;Sostenibilidad;;Contador y Apoyo Administrativo - Fundación Pacífico;Colombia (organización colombiana);;;;https://fondoaccion.org/wp-content/uploads/2021/02/thumbnail_DSC00087.jpg
2026-10-05 22:36;Fondo Acción;Sostenibilidad;;Contador y Apoyo Administrativo - Fundación Pacífico;Colombia (organización colombiana);;;;https://fondoaccion.org/2026/01/26/pacifico-cont-apoyo-admin
2026-10-05 22:36;Fondo Acción;Sostenibilidad;;Convocatoria servicios de asesoría en adquisiciones a los proyectos priorizados financiados con recursos del Fondo Colombia Sostenible;Colombia;;;Colombia;https://fondoaccion.org/wp-content/uploads/2025/10/Corregimiento-Chiqui.jpg
2026-10-05 22:36;Fondo Acción;Sostenibilidad;;Convocatoria servicios de asesoría en adquisiciones a los proyectos priorizados financiados con recursos del Fondo Colombia Sostenible;Colombia;;;Colombia;https://fondoaccion.org/2026/02/12/servicios-asesoria-adquisiciones-fcs
2026-10-05 22:36;Fondo Acción;Sostenibilidad;;Coordinador Ambiental – Conservación in situ;Colombia (organización colombiana);;;coordinador;https://fondoaccion.org/wp-content/uploads/2026/06/Sierra-Nevada.png
2026-10-05 22:36;Fondo Acción;Sostenibilidad;;Coordinador Ambiental – Conservación in situ;Colombia (organización colombiana);;;coordinador;https://fondoaccion.org/2026/08/12/coord-ambiental-in-situ
2026-10-05 22:36;Fondo Acción;Sostenibilidad;;Coordinador(a) Proyecto Fi wi Riif;Colombia (organización colombiana);;;coordinador;https://fondoaccion.org/wp-content/uploads/2023/11/Providencia-y-Santa-Catalina_Daril-Lung.jpeg
2026-10-05 22:36;Fondo Acción;Sostenibilidad;;Coordinador(a) Proyecto Fi wi Riif;Colombia (organización colombiana);;;coordinador;https://fondoaccion.org/2026/09/30/cov-coord-fwr
2026-10-05 22:36;Fondo Acción;Sostenibilidad;;Coordinador/a de Talento Humano de Fondo Acción;Colombia (organización colombiana);;;coordinador;https://fondoaccion.org/wp-content/uploads/2025/04/INFLUENCERXNATURALEZA-TULUÁ-25-21-scaled.jpg
2026-10-05 22:36;Fondo Acción;Sostenibilidad;;Coordinador/a de Talento Humano de Fondo Acción;Colombia (organización colombiana);;;coordinador;https://fondoaccion.org/2026/05/28/convocatoria-coordinador-a-de-talento-humano
2026-10-05 22:36;Fondo Acción;Sostenibilidad;;Especialista género y salvaguardas - Fundación Pacífico;Colombia (organización colombiana);;;;https://fondoaccion.org/2026/01/28/pacifico-esp-genero-salvaguardas
2026-10-05 22:36;Fondo Acción;Sostenibilidad;;Especialista MEL - Fundación Pacífico;Colombia (organización colombiana);;;;https://fondoaccion.org/2026/01/28/pacifico-esp-mel
2026-10-05 22:36;Fondo Acción;Sostenibilidad;;Líder Técnico - Conectividad, Clima y Efectividad - Fundación Pacífico;Colombia (organización colombiana);;;;https://fondoaccion.org/wp-content/uploads/2025/03/23-scaled.jpg
2026-10-05 22:36;Fondo Acción;Sostenibilidad;;Líder Técnico - Conectividad, Clima y Efectividad - Fundación Pacífico;Colombia (organización colombiana);;;;https://fondoaccion.org/2026/01/28/pacifico-lider-tecnico-cce
2026-10-05 22:36;Fondo Acción;Sostenibilidad;;Líder Técnico - Economía Azul - Fundación Pacífico;Colombia (organización colombiana);;;;https://fondoaccion.org/2026/01/28/pacifico-lider-tec-economia-azul
2026-10-05 22:36;Fondo Acción;Sostenibilidad;;Oficial de Contratos y Subvenciones - Fundación Pacífico;Colombia (organización colombiana);;;;https://fondoaccion.org/wp-content/uploads/2023/01/DSC08074.jpg
2026-10-05 22:36;Fondo Acción;Sostenibilidad;;Oficial de Contratos y Subvenciones - Fundación Pacífico;Colombia (organización colombiana);;;;https://fondoaccion.org/2026/01/26/pacifico-ofc-contratos-subvenciones
2026-10-05 22:36;Fondo Acción;Sostenibilidad;;Solicitud Expresión de Interés - Interoperabilidad;Colombia (organización colombiana);;;;https://fondoaccion.org/wp-content/uploads/2026/05/Imagenes-4-scaled.jpg
2026-10-05 22:36;Fondo Acción;Sostenibilidad;;Solicitud Expresión de Interés - Interoperabilidad;Colombia (organización colombiana);;;;https://fondoaccion.org/2026/08/14/fa-pmi-43-cs-cqs
2026-10-05 22:36;Fondo Acción;Sostenibilidad;;Solicitud Expresión de Interés - Plataformas tecnológicas;Colombia (organización colombiana);;;;https://fondoaccion.org/wp-content/uploads/2025/11/River-and-Forest-of-CHoco-Daniel-Parra-scaled.jpg
2026-10-05 22:36;Fondo Acción;Sostenibilidad;;Solicitud Expresión de Interés - Plataformas tecnológicas;Colombia (organización colombiana);;;;https://fondoaccion.org/2026/08/14/fa-pmi-5-cs-qcbs
2026-10-05 22:36;Fondo Acción;Sostenibilidad;;Solicitud expresión de interés N.° SEI-005-FA-PMI-15-2026 Invitación a presentar expresión de interés Servicios de consultoría;Colombia (organización colombiana);;;;https://fondoaccion.org/2026/02/06/solicitud-expresion-de-interes-n-sei-005-fa-pmi-15-2026-invitacion-a-presentar-expresion-de-interes-servicios-de-consultoria/%20
2026-10-05 22:36;Fondo Noruego para los Derechos Humanos;Humanitario;;Call for Consultants: Mid-Term Review of the NHRF Colombia Programme (2025–2027);Colombia;;;Colombia;https://nhrf.no/espanol/espanol/article/2026/call-for-consultants-mid-term-review-of-the-nhrf-colombia-programme-2025-2027
2026-10-05 22:36;Fundación Barco;Educación;Sí;Consultoría Técnica Especialista En Gestión Integral Del Riesgo Escolar;Colombia;;;;https://www.takealuk.com/job_offers/consultoria-tecnica-especialista-en-gestion-integral-del-riesgo-escolar-fundacion-barco
2026-10-05 22:36;Fundación Barco;Educación;Sí;Gestor(a) Social Alto Baudó (Chocó);Colombia;;;;https://www.takealuk.com/job_offers/gestor-a-social-alto-baudo-choco-fundacion-barco-colombia
2026-10-05 22:36;Fundación Barco;Educación;Sí;Gestor(a) Social Arauca (Arauca);Colombia;;;;https://www.takealuk.com/job_offers/gestor-a-social-arauca-arauca-fundacion-barco
2026-10-05 22:36;Fundación Barco;Educación;Sí;Gestor(a) Social Arauquita (Arauca);Colombia;;;;https://www.takealuk.com/job_offers/gestor-a-social-arauquita-arauca-fundacion-barco
2026-10-05 22:36;Fundación Barco;Educación;Sí;Gestor(a) Social El Charco (Nariño);Colombia;;;;https://www.takealuk.com/job_offers/gestor-a-social-el-charco-narino-fundacion-barco
2026-10-05 22:36;Fundación Barco;Educación;Sí;Gestor(a) Social El Rosario (Nariño);Colombia;;;;https://www.takealuk.com/job_offers/gestor-a-social-el-rosario-narino-fundacion-barco
2026-10-05 22:36;Fundación Barco;Educación;Sí;Gestor(a) Social Fortul (Arauca);Colombia;;;;https://www.takealuk.com/job_offers/gestor-a-social-fortul-arauca-fundacion-barco
2026-10-05 22:36;Fundación Barco;Educación;Sí;Gestor(a) Social Leiva (Nariño);Colombia;;;;https://www.takealuk.com/job_offers/gestor-a-social-leiva-narino-fundacion-barco
2026-10-05 22:36;Fundación Barco;Educación;Sí;Gestor(a) Social Medio San Juan (Chocó);Colombia;;;;https://www.takealuk.com/job_offers/gestor-a-social-medio-san-juan-choco-fundacion-barco
2026-10-05 22:36;Fundación Barco;Educación;Sí;Gestor(a) Social Novita (Chocó);Colombia;;;;https://www.takealuk.com/job_offers/gestor-a-social-novita-choco-fundacion-barco
2026-10-05 22:36;Fundación Barco;Educación;Sí;Gestor(a) Social Saravena (Arauca);Colombia;;;;https://www.takealuk.com/job_offers/gestor-a-social-saravena-arauca-fundacion-barco
2026-10-05 22:36;Fundación Barco;Educación;Sí;Gestor(a) Social Sipí (Chocó);Colombia;;;;https://www.takealuk.com/job_offers/gestor-a-social-sipi-choco-fundacion-barco
2026-10-05 22:36;Fundación Barco;Educación;Sí;Gestor(a) Social Tame (Arauca);Colombia;;;;https://www.takealuk.com/job_offers/gestor-a-social-tame-arauca-fundacion-barco
2026-10-05 23:06;Fundación Ideas para la Paz;Humanitario;Sí;Analista financiero;Colombia (organización colombiana);;;;https://ideaspaz.org/convocatorias/2026-03/analista-financiero
2026-10-05 23:06;Fundación Ideas para la Paz;Humanitario;Sí;Analista financiero;Colombia (organización colombiana);;;;https://ideaspaz.org/convocatorias/2024-10/analista-financiero
2026-10-05 23:06;Fundación Ideas para la Paz;Humanitario;Sí;Asistente de investigacion del area de seguridad y gobernanza;Colombia (organización colombiana);;;;https://ideaspaz.org/convocatorias/2023-09/asistente-de-investigacion-del-area-de-seguridad-y-gobernanza
2026-10-05 23:06;Fundación Ideas para la Paz;Humanitario;Sí;Asistente de investigacion del area de seguridad y politica criminal fip;Colombia (organización colombiana);;;;https://ideaspaz.org/convocatorias/2022-04/asistente-de-investigacion-del-area-de-seguridad-y-politica-criminal-fip
2026-10-05 23:06;Fundación Ideas para la Paz;Humanitario;Sí;Asistente de investigacion del sistema de monitoreo del area de seguridad y gobernanza;Colombia (organización colombiana);;;monitoreo;https://ideaspaz.org/convocatorias/2023-09/asistente-de-investigacion-del-sistema-de-monitoreo-del-area-de-seguridad-y-gobernanza
2026-10-05 23:06;Fundación Ideas para la Paz;Humanitario;Sí;Auxiliar administrativo a de la fip generando equidad;Colombia (organización colombiana);;;;https://ideaspaz.org/convocatorias/2023-05/auxiliar-administrativo-a-de-la-fip-generando-equidad
2026-10-05 23:06;Fundación Ideas para la Paz;Humanitario;Sí;Auxiliar contable de la fip;Colombia (organización colombiana);;;;https://ideaspaz.org/convocatorias/2022-09/auxiliar-contable-de-la-fip
2026-10-05 23:06;Fundación Ideas para la Paz;Humanitario;Sí;Auxiliar de compras de la fip;Colombia (organización colombiana);;;;https://ideaspaz.org/convocatorias/2022-10/auxiliar-de-compras-de-la-fip
2026-10-05 23:06;Fundación Ideas para la Paz;Humanitario;Sí;Consultoria en tic y educacion;Colombia (organización colombiana);;;;https://ideaspaz.org/convocatorias/2024-03/consultoria-en-tic-y-educacion
2026-10-05 23:06;Fundación Ideas para la Paz;Humanitario;Sí;Coordinacion de talento humano y desarrollo organizacional;Colombia (organización colombiana);;;;https://ideaspaz.org/convocatorias/2026-08/coordinacion-de-talento-humano-y-desarrollo-organizacional
2026-10-05 23:06;Fundación Ideas para la Paz;Humanitario;Sí;Coordinador a para el area de conducta empresarial responsable;Colombia (organización colombiana);;;coordinador;https://ideaspaz.org/convocatorias/2022-09/coordinador-a-para-el-area-de-conducta-empresarial-responsable
2026-10-05 23:06;Fundación Ideas para la Paz;Humanitario;Sí;Directora de proyecto area de seguridad y politica criminal de la fip;Colombia (organización colombiana);;;;https://ideaspaz.org/convocatorias/2022-06/directora-de-proyecto-area-de-seguridad-y-politica-criminal-de-la-fip
2026-10-05 23:06;Fundación Ideas para la Paz;Humanitario;Sí;Especialista de monitoreo y evaluacion area de seguridad y politica criminal de la fip;Colombia (organización colombiana);;;monitoreo;https://ideaspaz.org/convocatorias/2022-05/especialista-de-monitoreo-y-evaluacion-area-de-seguridad-y-politica-criminal-de-la-fip
2026-10-05 23:06;Fundación Ideas para la Paz;Humanitario;Sí;Especialista en comunicaciones para el area de comunicaciones de la fip;Colombia (organización colombiana);;;;https://ideaspaz.org/convocatorias/2021-08/especialista-en-comunicaciones-para-el-area-de-comunicaciones-de-la-fip
2026-10-05 23:06;Fundación Ideas para la Paz;Humanitario;Sí;Especialista tecnico en enfoque de genero para la alianza cacao conecta;Colombia (organización colombiana);;;;https://ideaspaz.org/convocatorias/2021-11/especialista-tecnico-en-enfoque-de-genero-para-la-alianza-cacao-conecta
2026-10-05 23:06;Fundación Ideas para la Paz;Humanitario;Sí;Especialista tecnico en gobernanza y participacion ciudadana para la alianza cacao conecta;Colombia (organización colombiana);;;;https://ideaspaz.org/convocatorias/2021-11/especialista-tecnico-en-gobernanza-y-participacion-ciudadana-para-la-alianza-cacao-conecta
2026-10-05 23:06;Fundación Ideas para la Paz;Humanitario;Sí;Especialista tecnico en juventud para la alianza cacao conecta;Colombia (organización colombiana);;;;https://ideaspaz.org/convocatorias/2021-11/especialista-tecnico-en-juventud-para-la-alianza-cacao-conecta
2026-10-05 23:06;Fundación Ideas para la Paz;Humanitario;Sí;Gestor digital para el area de comunicaciones de la fip;Colombia (organización colombiana);;;;https://ideaspaz.org/convocatorias/2021-08/gestor-digital-para-el-area-de-comunicaciones-de-la-fip
2026-10-05 23:06;Fundación Ideas para la Paz;Humanitario;Sí;Gestora municipal apartado para la alianza cacao conecta ejecutada por la fip;Colombia (organización colombiana);;;;https://ideaspaz.org/convocatorias/2021-11/gestora-municipal-apartado-para-la-alianza-cacao-conecta-ejecutada-por-la-fip
2026-10-05 23:06;Fundación Ideas para la Paz;Humanitario;Sí;Gestora municipal dabeiba para la alianza cacao coneca ejecutada por la fip;Colombia;;;;https://ideaspaz.org/convocatorias/2021-11/gestora-municipal-dabeiba-para-la-alianza-cacao-coneca-ejecutada-por-la-fip
2026-10-05 23:06;Fundación Ideas para la Paz;Humanitario;Sí;Gestora municipal turbo para la alianza cacao conecta ejecutada por la fip;Colombia (organización colombiana);;;;https://ideaspaz.org/convocatorias/2021-11/gestora-municipal-turbo-para-la-alianza-cacao-conecta-ejecutada-por-la-fip
2026-10-05 23:06;Fundación Ideas para la Paz;Humanitario;Sí;Gestora regional para ituango y toledo antioquia proyecto ruta de la confianza;Colombia;;;;https://ideaspaz.org/convocatorias/2022-03/gestora-regional-para-ituango-y-toledo-antioquia-proyecto-ruta-de-la-confianza
2026-10-05 23:06;Fundación Ideas para la Paz;Humanitario;Sí;Gestora territorial para promover la equidad de genero;Colombia (organización colombiana);;;;https://ideaspaz.org/convocatorias/2021-11/gestora-territorial-para-promover-la-equidad-de-genero
2026-10-05 23:06;Fundación Ideas para la Paz;Humanitario;Sí;Investigador a senior para el area de conducta empresarial responsable;Colombia (organización colombiana);;;;https://ideaspaz.org/convocatorias/2022-09/investigador-a-senior-para-el-area-de-conducta-empresarial-responsable
2026-10-05 23:06;Fundación Ideas para la Paz;Humanitario;Sí;Investigador experto en analisis financiero presupuestal fiscal y o actuarial;Colombia (organización colombiana);;;;https://ideaspaz.org/convocatorias/2025-02/investigador-experto-en-analisis-financiero-presupuestal-fiscal-y-o-actuarial
2026-10-05 23:06;Fundación Ideas para la Paz;Humanitario;Sí;Investigador experto en derecho y jurisprudencia del area de conflicto y seguridad;Colombia (organización colombiana);;;;https://ideaspaz.org/convocatorias/2025-02/investigador-experto-en-derecho-y-jurisprudencia-del-area-de-conflicto-y-seguridad
2026-10-05 23:06;Fundación Ideas para la Paz;Humanitario;Sí;Investigador principal de proyecto del area seguridad y gobernanza de la fip;Colombia (organización colombiana);;;;https://ideaspaz.org/convocatorias/2022-03/investigador-principal-de-proyecto-del-area-seguridad-y-gobernanza-de-la-fip
2026-10-05 23:06;Fundación Ideas para la Paz;Humanitario;Sí;Investigadora del area de conducta empresarial responsable cer;Colombia (organización colombiana);;;;https://ideaspaz.org/convocatorias/2022-07/investigadora-del-area-de-conducta-empresarial-responsable-cer
2026-10-05 23:06;Fundación Ideas para la Paz;Humanitario;Sí;Investigadora en empoderamiento economico con enfoque de genero;Colombia (organización colombiana);;;;https://ideaspaz.org/convocatorias/2021-11/investigadora-en-empoderamiento-economico-con-enfoque-de-genero
2026-10-05 23:06;Fundación Ideas para la Paz;Humanitario;Sí;Investigadora junior del area de conducta empresarial responsable cer;Colombia (organización colombiana);;;;https://ideaspaz.org/convocatorias/2022-07/investigadora-junior-del-area-de-conducta-empresarial-responsable-cer
2026-10-05 23:06;Fundación Ideas para la Paz;Humanitario;Sí;Investigadora junior en asuntos de genero;Colombia (organización colombiana);;;;https://ideaspaz.org/convocatorias/2022-07/investigadora-junior-en-asuntos-de-genero
2026-10-05 23:06;Fundación Ideas para la Paz;Humanitario;Sí;Profesional en comunicaciones;Colombia (organización colombiana);;;;https://ideaspaz.org/convocatorias/2021-11/profesional-en-comunicaciones
2026-10-05 22:36;Fundación Mi Sangre;Desarrollo Comunitario;;Auxiliar Administrativo Futuros Urbanos;Colombia (organización colombiana);;;;https://fundacionmisangre.org/auxiliar-administrativo-futuros-urbanos
2026-10-05 22:36;Fundación Mi Sangre;Desarrollo Comunitario;;Auxiliar Administrativo – Programa Futuros Urbanos;Colombia (organización colombiana);;;;https://fundacionmisangre.org/auxiliar-administrativo-programa-futuros-urbanos
2026-10-05 22:36;Fundación Mi Sangre;Desarrollo Comunitario;;convocatoria consultoría monitoreo y evaluación;Colombia (organización colombiana);;;monitoreo;https://fundacionmisangre.org/convocatoria-consultoria-monitoreo-y-evaluacion
2026-10-05 22:36;Fundación Mi Sangre;Desarrollo Comunitario;;Convocatoria Fogón de Liderazgos 2026;Colombia (organización colombiana);;;;https://fundacionmisangre.org/convocatoria-fogon-de-liderazgos-2026
2026-10-05 22:36;Fundación Mi Sangre;Desarrollo Comunitario;;Convocatoria LIDERAZGO DE LA ESTRATEGIA COCINA DE NARRATIVAS;Colombia (organización colombiana);;;;https://fundacionmisangre.org/convocatoria-liderazgo-de-la-estrategia-cocina-de-narrativas
2026-10-05 22:36;Fundación Mi Sangre;Desarrollo Comunitario;;Convocatoria profesional;Colombia (organización colombiana);;;;https://fundacionmisangre.org/convocatoria-profesional-2
2026-10-05 22:36;Fundación Mi Sangre;Desarrollo Comunitario;;Convocatoria profesional;Colombia;;;;https://fundacionmisangre.org/convocatoria-profesional
2026-10-05 22:36;Fundación Mi Sangre;Desarrollo Comunitario;;Convocatoria Profesional-Auxiliar Administrativx;Colombia (organización colombiana);;;;https://fundacionmisangre.org/convocatoria-profesional-auxiliar-administrativx
2026-10-05 22:36;Fundación Natura Colombia;Sostenibilidad;;Asistente temporal para el programa CDP Cities América Latina 2018;Colombia (organización colombiana);;;América Latina;https://natura.org.co/asistente-temporal-programa-cdp-cities-america-latina-2018
2026-10-05 22:36;Fundación Natura Colombia;Sostenibilidad;;Convocatoria Especialista en geotecnia;Colombia (organización colombiana);;;;https://natura.org.co/convocatoria-especialista-en-geotecnia
2026-10-05 22:36;Fundación Natura Colombia;Sostenibilidad;;Convocatoria Especialista en hidrología;Colombia (organización colombiana);;;;https://natura.org.co/convocatoria-especialista-en-hidrologia
2026-10-05 22:36;Fundación Natura Colombia;Sostenibilidad;;Convocatoria para Supervisor HSE;Colombia (organización colombiana);;;;https://natura.org.co/convocatoria-para-supervisor-hse
2026-10-05 23:06;Fundación Plan;Niñez;;Analista de Área Financiera – Persona con discapacidad;Remoto;;;;https://co.computrabajo.com/ofertas-de-trabajo/oferta-de-trabajo-de-analista-de-area-financiera-persona-con-discapacidad-en-bogota-dc-33DAC94BC9DCD1F861373E686DCF3405
2026-10-05 23:06;Fundación Plan;Niñez;;Analista de área o proyectos;Remoto;;;;https://co.computrabajo.com/ofertas-de-trabajo/oferta-de-trabajo-de-analista-de-area-o-proyectos-data-cobranza-y-fidelizacion-en-bogota-dc-B7015D133FD4AA0C61373E686DCF3405
2026-10-05 23:06;Fundación Plan;Niñez;;Analista de área o proyectos – Tecnología;Colombia;;;;https://co.computrabajo.com/ofertas-de-trabajo/oferta-de-trabajo-de-analista-de-area-o-proyectos-tecnologia-en-bogota-dc-5DD496E8639C5D7161373E686DCF3405
2026-10-05 23:06;Fundación Plan;Niñez;;Auxiliar de Tecnología – Persona con discapacidad;Remoto;;;;https://co.computrabajo.com/ofertas-de-trabajo/oferta-de-trabajo-de-auxiliar-de-tecnologia-persona-con-discapacidad-en-bogota-dc-6D197730A3F46DC661373E686DCF3405
2026-10-07 06:33;Fundación Plan;Niñez;;Gestora/or de Cambio;Colombia;;;;https://co.computrabajo.com/ofertas-de-trabajo/oferta-de-trabajo-de-gestoraor-de-cambio-cartagena-en-cartagena-de-indias-DB06F49F7C1152CF61373E686DCF3405
2026-10-07 06:33;Fundación Plan;Niñez;;Gestora/or de Cambio;Colombia;;;;https://co.computrabajo.com/ofertas-de-trabajo/oferta-de-trabajo-de-gestoraor-de-cambio-jamundi-valle-del-cauca-en-jamundi-F0E32BEEF529606B61373E686DCF3405
2026-10-05 23:06;Fundación Plan;Niñez;;Profesional en Ciencias Sociales y Humanas;Colombia;;;;https://co.computrabajo.com/ofertas-de-trabajo/oferta-de-trabajo-de-profesional-en-ciencias-sociales-y-humanas-risaralda-en-dosquebradas-ACF5100147B61C1361373E686DCF3405
2026-10-07 06:33;Fundación Plan;Niñez;;Profesional Líder en Gestión de Licitaciones y Contratación Pública;Remoto;;;;https://co.computrabajo.com/ofertas-de-trabajo/oferta-de-trabajo-de-profesional-lider-en-gestion-de-licitaciones-y-contratacion-publica-en-bogota-dc-08775FF81AF62FAD61373E686DCF3405
2026-10-05 22:36;Gaia Amazonas;Sostenibilidad;;Convocatoria - Administración Aplicaciones Plataformas Tecnológicas;Colombia (organización colombiana);;;;https://gaiaamazonas.org/wp-content/uploads/2026/09/TDR-Administracion-de-Aplicaciones-y-Plataformas-Tecnologicas-1.pdf
2026-10-05 22:36;Global Jobs;Agregador;;Chief Operating Officer;Remoto;;;;https://www.globaljobs.org/jobs/51741-london-or-remote-united-kingdom-global-solar-council-gsc-chief-operating-officer
2026-10-05 22:36;Global Jobs;Agregador;;Communications Coordinator;Remoto;;;coordinator;https://www.globaljobs.org/jobs/51909-remote-dc-nurturing-minds-inc-communications-coordinator
2026-10-05 22:36;Global Jobs;Agregador;;Country Manager, Papua New Guinea;Remoto;;;;https://www.globaljobs.org/jobs/51847-port-moresby-papua-new-guinea-the-asia-foundation-country-manager
2026-10-05 22:36;Global Jobs;Agregador;;Director, Global Food Sovereignty Movements Program;Remoto;;;;https://www.globaljobs.org/jobs/51856-remote-dc-whyhunger-director-global-food-sovereignty-movements-program
2026-10-05 22:36;Global Jobs;Agregador;;Director, Global Food Sovereignty Movements Program;Remoto;;;;https://www.globaljobs.org/jobs/51843-remote-dc-whyhunger-director-global-food-sovereignty-movements-program
2026-10-05 22:36;Global Jobs;Agregador;;Executive Director;Remoto;;;;https://www.globaljobs.org/jobs/51974-remote-new-york-alliance-for-innovation-in-global-health-executive-director
2026-10-05 22:36;Global Jobs;Agregador;;Global Lead, Partnerships and Networks;Remoto;;;;https://www.globaljobs.org/jobs/51842-remote-dc-climate-diplomacy-and-security-global-lead-partnerships-networks
2026-10-05 22:36;Global Jobs;Agregador;;Manager, New Cities, What Works Cities;Remoto;;;;https://www.globaljobs.org/jobs/51930-remote-dc-results-for-america-manager-new-cities-what-works
2026-10-05 22:36;Global Jobs;Agregador;;Program Director - Research and Strategic Initiatives;Remoto;;;;https://www.globaljobs.org/jobs/51975-remote-dc-verite-program-director-research-and-strategic-initiatives
2026-10-05 22:36;Global Jobs;Agregador;;Program Finance Manager;Remoto;;;;https://www.globaljobs.org/jobs/51777-greenfield-massachusetts-karuna-center-for-peacebuilding-program-finance-manager
2026-10-05 22:36;Global Jobs;Agregador;;Program Officer;Remoto;;;;https://www.globaljobs.org/jobs/51931-remote-dc-spoon-foundation-program-officer
2026-10-05 22:36;Global Jobs;Agregador;;Senior Managing Director of Organizing;Remoto;;;;https://www.globaljobs.org/jobs/51765-remote-dc-the-chisholm-legacy-project-a-resource-hub-for-black-frontline-climate-justice-leadership-senior-managing-director-of-organizing
2026-10-05 22:36;Heartland Alliance;Humanitario;;Sistema de Registro de Talento – Heartland Alliance International Colombia;Colombia;Colombia, Colombia;;Colombia;https://heartlandalliance.bamboohr.com/careers/1238
2026-10-07 06:33;Human Rights Careers;Humanitario;;Communications Manager, Funder Engagement;Remoto;;;;https://jobs.humanrightscareers.com/job/communications-manager-funder-engagement-91128
2026-10-07 06:33;Human Rights Careers;Humanitario;;Service contract for endline population-based representative survey on menstrual dignity and discrimination;Remoto;;;;https://jobs.humanrightscareers.com/job/service-contract-for-endline-population-based-representative-survey-on-menstrual-dignity-and-discrimination-90694
2026-10-05 22:36;Humanity & Inclusion LAC;Humanitario;;ADMINISTRADOR/A HIUS BLOQUE 1 SAMANIEGO – NARIÑO/COLOMBIA;Colombia;;;Colombia;https://hi-lac.org/convocatorias/administrador-a-hius-bloque-1-samaniego-narino-colombia
2026-10-05 22:36;Humanity & Inclusion LAC;Humanitario;;Contador HI US Bloque 1 y 3 – Cauca, Nariño – Colombia;Colombia;;;Colombia;https://hi-lac.org/convocatorias/contador-hi-us-bloque-1-y-3-cauca-narino-colombia
2026-10-05 22:36;Humanity & Inclusion LAC;Humanitario;;Oficial Base de Datos – Colombia;Colombia;;;Colombia;https://hi-lac.org/convocatorias/oficial-base-de-datos-colombia-2
2026-10-05 22:36;Humanity & Inclusion LAC;Humanitario;;Oficial de Aprovisionamiento y logística – Colombia;Colombia;;;Colombia;https://hi-lac.org/convocatorias/conductor-operativo-samaniego-colombia-2
2026-10-05 22:36;Humanity & Inclusion LAC;Humanitario;;Oficial Recursos Humanos (HI US) Colombia;Colombia;;;Colombia;https://hi-lac.org/convocatorias/oficial-recursos-humanos-hi-us-colombia
2026-10-06 06:32;Impact Initiatives;Evaluación;;(Senior) Research Officer for Nigeria, Based in Dakar (Link For External Applicants);;;;;https://www.impact-initiatives.org/work-with-us/vacancies/senior-research-officer-for-nigeria-based-in-dakar-link-for-external-applicants
2026-10-06 06:32;Impact Initiatives;Evaluación;;(Senior) Research Officer for Nigeria, based in Dakar (Link For Internal Applicants);;;;;https://www.impact-initiatives.org/work-with-us/vacancies/senior-research-officer-for-nigeria-based-in-dakar-link-for-internal-applicants
2026-10-06 06:32;Impact Initiatives;Evaluación;;Assessment Specialist for Myanmar, based in Yangon (Link For External Applicants);;;;;https://www.impact-initiatives.org/work-with-us/vacancies/assessment-specialist-for-myanmar-based-in-yangon-link-for-external-applicants
2026-10-06 06:32;Impact Initiatives;Evaluación;;Assessment Specialist for Myanmar, based in Yangon (Link For Internal Applicants);;;;;https://www.impact-initiatives.org/work-with-us/vacancies/assessment-specialist-for-myanmar-based-in-yangon-link-for-internal-applicants
2026-10-06 06:32;Impact Initiatives;Evaluación;;Call For Consultants – Learning & Development;;;;;https://www.impact-initiatives.org/work-with-us/vacancies/call-for-consultants-learning-development
2026-10-06 06:32;Impact Initiatives;Evaluación;;Country Representative for Ethiopia, Based in Addis Ababa (Link For External Applicants);;;;;https://www.impact-initiatives.org/work-with-us/vacancies/country-representative-for-ethiopia-based-in-addis-ababa-link-for-external-applicants
2026-10-06 06:32;Impact Initiatives;Evaluación;;Country Representative for Ethiopia, based in Addis Ababa (Link For Internal Applicants);;;;;https://www.impact-initiatives.org/work-with-us/vacancies/country-representative-for-ethiopia-based-in-addis-ababa-link-for-internal-applicants
2026-10-06 06:32;Impact Initiatives;Evaluación;;Country Representative for OPT, Based in Amman (Link For External Applicants);;;;;https://www.impact-initiatives.org/work-with-us/vacancies/country-representative-for-opt-based-in-amman-link-for-external-applicants
2026-10-06 06:32;Impact Initiatives;Evaluación;;Country Representative for OPT, Based in Amman (Link For Internal Applicants);;;;;https://www.impact-initiatives.org/work-with-us/vacancies/country-representative-for-opt-based-in-amman-link-for-internal-applicants
2026-10-06 06:32;Impact Initiatives;Evaluación;;Data Specialist for Syria, based in Damascus (External Applicants);;;;;https://www.impact-initiatives.org/work-with-us/vacancies/data-specialist-for-syria-based-in-damascus-external-applicants
2026-10-06 06:32;Impact Initiatives;Evaluación;;Data Specialist for Syria, based in Damascus (Internal Applicants);;;;;https://www.impact-initiatives.org/work-with-us/vacancies/data-specialist-for-syria-based-in-damascus-internal-applicants
2026-10-06 06:32;Impact Initiatives;Evaluación;;GIS & Remote Sensing Specialist for Mena, based in Amman (Link for External Applicants);;;;remote;https://www.impact-initiatives.org/work-with-us/vacancies/gis-remote-sensing-specialist-for-mena-based-in-amman-link-for-external-applicants
2026-10-06 06:32;Impact Initiatives;Evaluación;;GIS & Remote Sensing Specialist for Mena, based in Amman (Link for Internal Applicants);;;;remote;https://www.impact-initiatives.org/work-with-us/vacancies/gis-remote-sensing-specialist-for-mena-based-in-amman-link-for-internal-applicants
2026-10-06 06:32;Impact Initiatives;Evaluación;;Multi Country Representative for MENA, based in Amman (Link For External Applicants);;;;;https://www.impact-initiatives.org/work-with-us/vacancies/multi-country-representative-for-mena-based-in-amman-link-for-external-applicants
2026-10-06 06:32;Impact Initiatives;Evaluación;;Multi Country Representative for MENA, based in Amman (Link For Internal Applicants only);;;;;https://www.impact-initiatives.org/work-with-us/vacancies/multi-country-representative-for-mena-based-in-amman-link-for-internal-applicants-only
2026-10-06 06:32;Impact Initiatives;Evaluación;;Recruitment for Multiple (Senior) Analyst Positions Across Multiple Regions & Countries: Acute Needs Analysis (Link For External Applicants);;;;;https://www.impact-initiatives.org/work-with-us/vacancies/recruitment-for-multiple-senior-analyst-positions-across-multiple-regions-countries-acute-needs-analysis-link-for-external-applicants
2026-10-06 06:32;Impact Initiatives;Evaluación;;Recruitment for Multiple (Senior) Analyst Positions Across Multiple Regions & Countries: Acute Needs Analysis (Link For Internal Applicants);;;;;https://www.impact-initiatives.org/work-with-us/vacancies/recruitment-for-multiple-senior-analyst-positions-across-multiple-regions-countries-acute-humanitarian-needs
2026-10-06 06:32;Impact Initiatives;Evaluación;;Research Manager for Afghanistan, based in Kabul (External Applicants);;;;;https://www.impact-initiatives.org/work-with-us/vacancies/research-manager-for-afghanistan-based-in-kabul-external-applicants
2026-10-06 06:32;Impact Initiatives;Evaluación;;Research Manager for Afghanistan, based in Kabul (Internal Applicants);;;;;https://www.impact-initiatives.org/work-with-us/vacancies/research-manager-for-afghanistan-based-in-kabul-internal-applicants
2026-10-06 06:32;Impact Initiatives;Evaluación;;Research Manager – Humanitarian Needs Monitoring Unit for Ukraine, based in Kyiv (Link For External Applicants);;;;;https://www.impact-initiatives.org/work-with-us/vacancies/research-manager-humanitarian-needs-monitoring-unit-for-ukraine-based-in-kyiv-link-for-external-applicants
2026-10-06 06:32;Impact Initiatives;Evaluación;;Research Manager – Humanitarian Needs Monitoring Unit for Ukraine, based in Kyiv (Link For Internal Applicants);;;;;https://www.impact-initiatives.org/work-with-us/vacancies/research-manager-humanitarian-needs-monitoring-unit-for-ukraine-based-in-kyiv-link-for-internal-applicants
2026-10-06 06:32;Impact Initiatives;Evaluación;;Senior Analyst – Analysis Unit for HQ, based in Geneva (Link For External Applicants);;;;;https://www.impact-initiatives.org/work-with-us/vacancies/88575
2026-10-06 06:32;Impact Initiatives;Evaluación;;Senior Analyst – Analysis Unit for HQ, based in Geneva (Link For Internal Applicants);;;;;https://www.impact-initiatives.org/work-with-us/vacancies/senior-analyst-analysis-unit-for-hq-based-in-geneva-link-for-internal-applicants
2026-10-06 06:32;Impact Initiatives;Evaluación;;Senior Data Officer for Yemen, based in Amman (Link For External Applicants);;;;;https://www.impact-initiatives.org/work-with-us/vacancies/senior-data-officer-for-yemen-based-in-amman-link-for-external-applicants
2026-10-06 06:32;Impact Initiatives;Evaluación;;Senior Data Officer for Yemen, based in Amman (Link For Internal Applicants Only);;;;;https://www.impact-initiatives.org/work-with-us/vacancies/senior-data-officer-for-yemen-based-in-amman-link-for-internal-applicants-only
2026-10-06 06:32;Impact Initiatives;Evaluación;;Senior Internal Audit Officer for HQ, based in Geneva (link For External Applicants);;;;;https://www.impact-initiatives.org/work-with-us/vacancies/senior-internal-audit-officer-for-hq-based-in-geneva-link-for-external-applicants
2026-10-06 06:32;Impact Initiatives;Evaluación;;Senior Internal Audit Officer for HQ, based in Geneva (Link For internal Applicants);;;;;https://www.impact-initiatives.org/work-with-us/vacancies/senior-internal-audit-officer-for-hq-based-in-geneva-link-for-internal-applicants
2026-10-06 06:32;Impact Initiatives;Evaluación;;Senior Operations Manager For Sudan, Roving (Link For External Applicants);;;;;https://www.impact-initiatives.org/work-with-us/vacancies/senior-operations-manager-for-sudan-roving-link-for-external-applicants
2026-10-06 06:32;Impact Initiatives;Evaluación;;Senior Operations Manager for Sudan, Roving (Link For Internal Applicants);;;;;https://www.impact-initiatives.org/work-with-us/vacancies/senior-operations-manager-for-sudan-roving-link-for-internal-applicants
2026-10-06 06:32;Impact Initiatives;Evaluación;;Senior Research Manager for South Sudan, Based in Juba (Link For External Applicants);;;;;https://www.impact-initiatives.org/work-with-us/vacancies/senior-research-manager-for-south-sudan-based-in-juba-link-for-external-applicants
2026-10-06 06:32;Impact Initiatives;Evaluación;;Senior Research Manager for South Sudan, based in Juba (Link For Internal Applicants);;;;;https://www.impact-initiatives.org/work-with-us/vacancies/senior-research-manager-for-south-sudan-based-in-juba-link-for-internal-applicants
2026-10-06 06:32;Impact Initiatives;Evaluación;;Senior Research Officer for Mozambique, Based in Pemba (Link For External Applicants);;;;;https://www.impact-initiatives.org/work-with-us/vacancies/senior-research-officer-for-mozambique-based-in-pemba-link-for-external-applicants
2026-10-06 06:32;Impact Initiatives;Evaluación;;Senior Research Officer for Mozambique, Based in Pemba (Link For Internal Applicants);;;;;https://www.impact-initiatives.org/work-with-us/vacancies/senior-research-officer-for-mozambique-based-in-pemba-link-for-internal-applicants
2026-10-06 06:32;Impact Initiatives;Evaluación;;Senior Research Officer for Sudan, based in Nairobi (Link For External Applicants);;;;;https://www.impact-initiatives.org/work-with-us/vacancies/senior-research-officer-for-sudan-based-in-nairobi-link-for-external-applicants
2026-10-06 06:32;Impact Initiatives;Evaluación;;Senior Research Officer for Sudan, based in Nairobi (Link For Internal Applicants);;;;;https://www.impact-initiatives.org/work-with-us/vacancies/senior-research-officer-for-sudan-based-in-nairobi-link-for-internal-applicants
2026-10-06 06:32;Impact Initiatives;Evaluación;;Senior Research Officer – MSNA – Global, Based in Amman (Link For External Applicants);;;;;https://www.impact-initiatives.org/work-with-us/vacancies/senior-research-officer-msna-global-based-in-amman-link-for-external-applicants
2026-10-06 06:32;Impact Initiatives;Evaluación;;Senior Research Officer – MSNA – Global, Based in Amman (Link For Internal Applicants);;;;;https://www.impact-initiatives.org/work-with-us/vacancies/senior-research-officer-msna-global-based-in-amman-link-for-internal-applicants
2026-10-06 06:32;Impact Initiatives;Evaluación;;Senior Research Officer – MSNA – Global, based in Dakar (Link For External Applicants);;;;;https://www.impact-initiatives.org/work-with-us/vacancies/senior-research-officer-msna-global-based-in-dakar-link-for-external-applicants
2026-10-06 06:32;Impact Initiatives;Evaluación;;Senior Research Officer – MSNA – Global, based in Dakar (Link For Internal Applicants);;;;;https://www.impact-initiatives.org/work-with-us/vacancies/senior-research-officer-msna-global-based-in-dakar-link-for-internal-applicants
2026-10-07 06:33;Impact Source;Agregador;;Program Director, Workforce Development;Remoto;;;;https://fhi.wd1.myworkdayjobs.com/FHI_360_External_Career_Portal/job/US-REMOTE-DC/Program-Director--Workforce-Development_Requisition-2026201381
2026-10-07 06:33;Impact Source;Agregador;;Program Director, Workforce Development;Remoto;;;;https://www.impactsource.ai/jobs/fhi-360
2026-10-07 06:33;Impact Source;Agregador;;Senior Manager, Public Relations;Remoto;;;;https://www.impactsource.ai/jobs/kiva
2026-10-07 06:33;Impact Source;Agregador;;Senior Manager, Public Relations;Remoto;;;;https://boards.greenhouse.io/kivaorg/jobs/8260030?gh_jid=8260030
2026-10-05 22:36;Impactpool;Agregador;;Asistente de mecánica (Sardinata,Cucutilla & Tibú);Colombia;;;;https://www.impactpool.org/jobs/1239239
2026-10-07 06:33;Impactpool;Agregador;;Asistente de Recuperación Económica;Colombia;;;;https://www.impactpool.org/jobs/1240382
2026-10-05 22:36;Impactpool;Agregador;;Asistente Técnico/a de Alojamiento e Infraestructura y Agua, Saneamiento e Higiene URR Colombia Bogotá (Solo Nacionales);Colombia;;;Colombia, Bogotá;https://www.impactpool.org/jobs/1238817
2026-10-07 06:33;Impactpool;Agregador;;Consultor(a) de Apoyo Técnico, Paisaje de Cumbal;Colombia;Cumbal, Colombia (presencial) Fecha de;;Colombia;https://www.impactpool.org/jobs/1240350
2026-10-05 22:36;Impactpool;Agregador;;Consultor(a) en programas de Protección Social;Colombia;;;programas;https://www.impactpool.org/jobs/1239477
2026-10-05 22:36;Impactpool;Agregador;;Contratación conjunta: Asistente de suministros y logistica (G-5), TA, 11 meses, Bogota-Colombia, LACR;Colombia;;;Colombia, Bogotá;https://www.impactpool.org/jobs/1239125
2026-10-06 06:32;Impactpool;Agregador;;Deputy Director of Programs Colombia;Colombia;;;Colombia;https://www.impactpool.org/jobs/1231770
2026-10-07 06:33;Impactpool;Agregador;;National Project Coordinator - NOA (DC) 1 1;Colombia;Bogota Contract;;Bogotá, coordinator;https://www.impactpool.org/jobs/1238618
2026-10-05 22:36;Impactpool;Agregador;;Oficial de gestión de conocimiento e información - Catatumbo;Colombia;;;;https://www.impactpool.org/jobs/1232714
2026-10-05 22:36;Impactpool;Agregador;;Oficial de Logística-Tibú, Norte de Santander;Colombia;;;;https://www.impactpool.org/jobs/1239686
2026-10-05 22:36;Impactpool;Agregador;;Procurement Officer;Colombia;;;;https://www.impactpool.org/jobs/1238197
2026-10-05 22:36;Impactpool;Agregador;;Security Coordinator – P03;Colombia;;;coordinator;https://www.impactpool.org/jobs/1238486
2026-10-05 22:36;Impactpool;Agregador;;Strategic Resource Management Consultant;Remoto;;;;https://www.impactpool.org/jobs/1239185
2026-10-06 06:32;Indev Jobs;Agregador;;Area Manager Colombia Northeast Cucuta;Colombia;;;Colombia;https://indevjobs.org/jobs/area-manager-colombia-northeast-cucuta
2026-10-06 06:32;Indev Jobs;Agregador;;Regional Supply Chain Operations Director, LAC - Colombia;Colombia;;;Colombia, LAC;https://indevjobs.org/jobs/regional-supply-chain-operations-director-lac-colombia
2026-10-06 06:32;Indev Jobs;Agregador;;Senior Health Information Systems Officer;Colombia;;;;https://indevjobs.org/jobs/senior-health-information-systems-officer
2026-10-05 22:36;Innovations for Poverty Action IPA;Evaluación;;Global Financial Shared Services Manager;Colombia;;;;https://poverty-action.org/global-financial-shared-services-manager
2026-10-05 22:36;Innovations for Poverty Action IPA;Evaluación;;Practicante en Colombia (2 posiciones): Investigación y Políticas Públicas;Colombia;;;Colombia;https://poverty-action.org/practicante-en-colombia-2-posiciones-investigacion-y-politicas-publicas
2026-10-05 22:36;Innovations for Poverty Action IPA;Evaluación;;Research Analyst;Colombia;;;;https://poverty-action.org/research-analyst-14
2026-10-05 22:36;Innovations for Poverty Action IPA;Evaluación;;Research Analyst;Colombia;;;;https://poverty-action.org/research-analyst-13
2026-10-05 22:36;Innovations for Poverty Action IPA;Evaluación;;Research Analyst - SISFOH;Colombia;;;;https://poverty-action.org/research-analyst-sisfoh
2026-10-06 06:32;International Development & NGO Jobs;Agregador;;Asistente Técnico/A De Alojamiento E Infraestructura Y Agua, Saneamiento E...;Colombia;;;;https://devnetjobs.org/jobdescription.aspx?job_id=316557
2026-10-05 22:36;International Development & NGO Jobs;Agregador;;Consultancy Services for the Development of the Nam Tha River Basin Manage...;Remoto;;;;https://devnetjobs.org/jobdescription.aspx?job_id=316217
2026-10-05 22:36;International Development & NGO Jobs;Agregador;;Desk Coordinator - Resource Development;Remoto;;;coordinator;https://devnetjobs.org/jobdescription.aspx?job_id=316134
2026-10-05 22:36;International Development & NGO Jobs;Agregador;;Director of Knowledge Management;Remoto;;;;https://devnetjobs.org/jobdescription.aspx?job_id=313122
2026-10-05 22:36;International Development & NGO Jobs;Agregador;;Fundraising Manager;Remoto;;;;https://devnetjobs.org/jobdescription.aspx?job_id=313901
2026-10-05 23:06;International Development & NGO Jobs;Agregador;;Knowledge and Communications Lead;Remoto;;;;https://devnetjobs.org/jobdescription.aspx?job_id=316266
2026-10-05 22:36;International Development & NGO Jobs;Agregador;;Monitoring, Evaluation and Learning Lead;Remoto;;;;https://devnetjobs.org/jobdescription.aspx?job_id=316078
2026-10-05 22:36;International Development & NGO Jobs;Agregador;;Oficial De Proyecto;Colombia;;;;https://devnetjobs.org/jobdescription.aspx?job_id=316181
2026-10-06 06:32;International Development & NGO Jobs;Agregador;;Technical Advisor (Associate Director) Maternal, Neonatal and Child Health;Remoto;;;;https://devnetjobs.org/jobdescription.aspx?job_id=316079
2026-10-05 22:36;International Justice Mission;Humanitario;;Communications Manager, Global Programs;Remoto;United States - Remote;Publicado hace 5 días;remote;https://ijm.wd5.myworkdayjobs.com/careers-ijm/job/United-States---Remote/Communications-Manager--Global-Programs_R-02621-1
2026-10-05 23:06;Internet Society;Tecnología;;Content Communications Manager;Remoto;;;;https://internetsociety.bamboohr.com/careers/343
2026-10-05 23:06;Internet Society;Tecnología;;Legal Operations Specialist;Remoto;;;;https://internetsociety.bamboohr.com/careers/342
2026-10-05 23:06;Internet Society;Tecnología;;Senior Manager, Accounting;Remoto;;;;https://internetsociety.bamboohr.com/careers/336
2026-10-05 23:06;IsraAID Colombia;Humanitario;;WASH Consultant;Remoto;;;;https://israaid.bamboohr.com/careers/316
2026-10-07 06:33;Johnson & Johnson;Salud;;Accounting Senior Analyst;Colombia;;;;https://www.careers.jnj.com/en/jobs/r-102565/accounting-senior-analyst
2026-10-05 22:36;Johnson & Johnson;Salud;;Country Finance Manager (CFM) for Corporate GOC;Colombia;;;;https://www.careers.jnj.com/en/jobs/r-101160/country-finance-manager-cfm-for-corporate-goc
2026-10-05 23:06;Johnson & Johnson;Salud;;Country Finance Manager (CFM) Innovative Medicine;Colombia;;;;https://www.careers.jnj.com/en/jobs/r-101028/country-finance-manager-cfm-innovative-medicine
2026-10-06 06:32;Johnson & Johnson;Salud;;CQ Analyst Complaints;Colombia;;;;https://www.careers.jnj.com/en/jobs/r-102479/cq-analyst-complaints
2026-10-07 06:33;Johnson & Johnson;Salud;;Events Analyst;Colombia;;;;https://www.careers.jnj.com/en/jobs/r-101950/events-analyst
2026-10-07 06:33;Johnson & Johnson;Salud;;Expert Clinical Sales Specialist- (Bogotá) Colombia;Colombia;;;Colombia, Bogotá;https://www.careers.jnj.com/en/jobs/r-103303/expert-clinical-sales-specialist-bogota-colombia
2026-10-07 06:33;Johnson & Johnson;Salud;;GS Jr Finance Analyst;Colombia;;;;https://www.careers.jnj.com/en/jobs/r-103088/gs-jr-finance-analyst
2026-10-05 22:36;Johnson & Johnson;Salud;;LATAM Trade Operations Lead;Colombia;;;;https://www.careers.jnj.com/en/jobs/r-101812/latam-trade-operations-lead
2026-10-07 06:33;Johnson & Johnson;Salud;;Lead GS Finance CFM Innovative Medicine;Colombia;;;;https://www.careers.jnj.com/en/jobs/r-101032/lead-gs-finance-cfm-innovative-medicine
2026-10-07 06:33;Johnson & Johnson;Salud;;Manager, LMS/Learning Ops & Analytics;Colombia;;;;https://www.careers.jnj.com/en/jobs/r-091201/manager-lmslearning-ops-analytics
2026-10-05 23:06;Johnson & Johnson;Salud;;Regional Sr Medical Manager Oncology LATAM;Colombia;;;;https://www.careers.jnj.com/en/jobs/r-103066/regional-sr-medical-manager-oncology-latam
2026-10-05 23:06;Johnson & Johnson;Salud;;Senior Finance Analyst SFA CFM Corporate;Colombia;;;;https://www.careers.jnj.com/en/jobs/r-101172/senior-finance-analyst-sfa-cfm-corporate
2026-10-05 23:06;Johnson & Johnson;Salud;;Senior Manager, Country Finance Manager MedTech US and Abiomed Global;Colombia;;;;https://www.careers.jnj.com/en/jobs/r-103101/senior-manager-country-finance-manager-medtech-us-and-abiomed-global
2026-10-07 06:33;Johnson & Johnson;Salud;;Senior Specialist, Service Excellence, Analytics & Automation;Colombia;;;;https://www.careers.jnj.com/en/jobs/r-103192/senior-specialist-service-excellence-analytics-automation
2026-10-05 23:06;Johnson & Johnson;Salud;;Sr Finance Manager CFM IM Americas;Colombia;;;;https://www.careers.jnj.com/en/jobs/r-103100/sr-finance-manager-cfm-im-americas
2026-10-05 23:06;Johnson & Johnson;Salud;;Sr Finance Manager, CFM Corporate, Vision Care Americas and Surgical Vision Global;Colombia;;;;https://www.careers.jnj.com/en/jobs/r-103102/sr-finance-manager-cfm-corporate-vision-care-americas-and-surgical-vision-global
2026-10-05 23:06;Kiva;Inversión de Impacto;;Principal Product Manager;Remoto;;;;https://boards.greenhouse.io/kivaorg/jobs/8227767?gh_jid=8227767
2026-10-07 06:33;Kiva;Inversión de Impacto;;Senior Manager, Public Relations;Remoto;;;;https://boards.greenhouse.io/kivaorg/jobs/8260030?gh_jid=8260030
2026-10-05 22:36;Matteria;Agregador;;Consultor/a en Recursos Humanos - Sparkassenstiftung Latinoamérica y Caribe;Colombia (organización colombiana);;;;https://jobs.matteria.co/es/jobs/707176-consultor-a-en-recursos-humanos-sparkassenstiftung-latinoamerica-y-caribe
2026-10-07 06:33;Matteria;Agregador;;Director of Administration and Finance - United Way Colombia;Colombia;;;Colombia;https://jobs.matteria.co/jobs/715556-director-of-administration-and-finance-united-way-colombia
2026-10-05 22:36;Matteria;Agregador;;Jessica Sanchez Consultora Asociada;Colombia (organización colombiana);;;;https://jobs.matteria.co/en/people/17265-jessica-sanchez
2026-10-05 22:36;Matteria;Agregador;;Kariny Franco Consultora Asociada;Colombia (organización colombiana);;;;https://jobs.matteria.co/en/people/2138-kariny-franco
2026-10-06 06:32;Matteria;Agregador;;Margarita Vasquez Consultora Asociada;Colombia (organización colombiana);;;;https://jobs.matteria.co/en/people/2139-margarita-vasquez
2026-10-05 22:36;Matteria;Agregador;;Mariajosé Pajares Product Manager;Colombia (organización colombiana);;;;https://jobs.matteria.co/en/people/1996-mariajose-pajares
2026-10-05 22:36;Matteria;Agregador;;Monique Gomes Consultora Associada;Colombia (organización colombiana);;;;https://jobs.matteria.co/en/people/2237-monique-gomes
2026-10-05 22:36;Matteria;Agregador;;Rafael Achondo Executive Director;Colombia (organización colombiana);;;;https://jobs.matteria.co/en/people/1926-rafael-achondo
2026-10-05 23:06;Matteria;Agregador;;Valentina Zavala Sáenz Associate Consultant;Colombia (organización colombiana);;;;https://jobs.matteria.co/en/people/1919-valentina-zavala-saenz
2026-10-05 23:06;Matteria;Agregador;;Vania Donoso Consultora Asociada;Colombia (organización colombiana);;;;https://jobs.matteria.co/en/people/2157-vania-donoso
2026-10-05 22:36;Mercy Corps;Humanitario;;Expert Roster: Energy Access Consultants Anywhere, United States;Remoto;;;;https://jobs.jobvite.com/mercycorps/job/oxsxAfwQ
2026-10-07 06:33;Mercy Corps;Humanitario;;Regional Finance Analyst;Remoto;;;;https://jobs.jobvite.com/mercycorps/job/oQaVAfwf
2026-10-05 22:36;Mercy Corps;Humanitario;;Regional Finance Director, Asia, Middle East and Europe (AMEE) - Remote, Prosper Global office location - preference for AMEE region time zone Middle East - Various Locations, Jordan;Remoto;;;remote;https://jobs.jobvite.com/mercycorps/job/oInrAfwQ
2026-10-05 22:36;Mercy Corps;Humanitario;;Subawards Compliance Finance Officer, Puerto Rico or Colombia San Juan, Puerto Rico;Colombia;;;Colombia;https://jobs.jobvite.com/mercycorps/job/o1gRAfws
2026-10-05 22:36;Mercy Corps;Humanitario;;Ventures Impact Measurement and Management Consultant;Remoto;;;;https://jobs.jobvite.com/mercycorps/job/ovoRAfw4
2026-10-05 23:06;Ministerio de Educación Nacional;Gobierno;;Asistencia técnica a las Instituciones de Educación Superior (IES) Colombianas para fortalecer sus planes de permanencia en el marco del Contrato de préstamo BID 5850/OC-CO Contenido;Colombia (organización colombiana);;;;https://www.mineducacion.gov.co/portal/salaprensa/Calendario-de-actividades-y-eventos/427010:Asistencia-tecnica-a-las-Instituciones-de-Educacion-Superior-IES-Colombianas-para-fortalecer-sus-planes-de-permanencia-en-el-marco-del-Contrato-de-prestamo-BID-5850-OC-CO-Contenido
2026-10-05 23:06;Ministerio de Educación Nacional;Gobierno;;AVISO DE CONVOCATORIA PROCESO SA-MEN-05-2026;Colombia (organización colombiana);;;;https://www.mineducacion.gov.co/portal/salaprensa/Calendario-de-actividades-y-eventos/429166:AVISO-DE-CONVOCATORIA-PROCESO-SA-MEN-05-2026
2026-10-05 23:06;Ministerio de Educación Nacional;Gobierno;;AVISO DE CONVOCATORIA PROCESO SA-MEN-08-2026;Colombia (organización colombiana);;;;https://www.mineducacion.gov.co/portal/salaprensa/Calendario-de-actividades-y-eventos/429354:AVISO-DE-CONVOCATORIA-PROCESO-SA-MEN-08-2026
2026-10-05 23:06;Ministerio de Educación Nacional;Gobierno;;AVISO DE CONVOCATORIA PROCESO SA-MEN-09-2026;Colombia (organización colombiana);;;;https://www.mineducacion.gov.co/portal/salaprensa/Calendario-de-actividades-y-eventos/429325:AVISO-DE-CONVOCATORIA-PROCESO-SA-MEN-09-2026
2026-10-05 23:06;Ministerio de Educación Nacional;Gobierno;;AVISO DE CONVOCATORIA PROCESO SUBASTA INVERSA SA-MEN-11-2026;Colombia (organización colombiana);;;;https://www.mineducacion.gov.co/portal/salaprensa/Calendario-de-actividades-y-eventos/430923:AVISO-DE-CONVOCATORIA-PROCESO-SUBASTA-INVERSA-SA-MEN-11-2026
2026-10-05 23:06;Ministerio de Educación Nacional;Gobierno;;"Convocatoria ""Implementación del programa de tránsito inmediato a la Educación Superior en el marco del documento CONPES 4122 y el contrato de préstamo N° 5850/OC-CO Macrorregión Amazonía"" vigencia 20";Colombia (organización colombiana);;;;https://www.mineducacion.gov.co/portal/salaprensa/Calendario-de-actividades-y-eventos/427355:Convocatoria-Implementacion-del-programa-de-transito-inmediato-a-la-Educacion-Superior-en-el-marco-del-documento-CONPES-4122-y-el-contrato-de-prestamo-N-5850-OC-CO-Macrorregion-Amazonia-vigencia-2026
2026-10-05 23:06;Ministerio de Educación Nacional;Gobierno;;Convocatoria para acompañar e implementar la Estrategia de Educación Inicial itinerante orientada al acceso y la permanencia educativa en la ruralidad y la ruralidad dispersa;Colombia (organización colombiana);;;;https://www.mineducacion.gov.co/portal/salaprensa/Calendario-de-actividades-y-eventos/426989:Convocatoria-para-acompanar-e-implementar-la-Estrategia-de-Educacion-Inicial-itinerante-orientada-al-acceso-y-la-permanencia-educativa-en-la-ruralidad-y-la-ruralidad-dispersa
2026-10-05 23:06;Ministerio de Educación Nacional;Gobierno;;Convocatoria para el fortalecimiento institucional, de la calidad y la pertinencia territorial en la Educación Superior;Colombia (organización colombiana);;;;https://www.mineducacion.gov.co/portal/salaprensa/Calendario-de-actividades-y-eventos/427621:Convocatoria-para-el-fortalecimiento-institucional-de-la-calidad-y-la-pertinencia-territorial-en-la-Educacion-Superior
2026-10-05 23:06;Ministerio de Educación Nacional;Gobierno;;Convocatoria para la designación de la representación principal y suplente de los (as) estudiantes universitarios ante la junta administradora de la política de gratuidad en la matrícula;Colombia (organización colombiana);;;;https://www.mineducacion.gov.co/portal/salaprensa/Calendario-de-actividades-y-eventos/427717:Convocatoria-para-la-designacion-de-la-representacion-principal-y-suplente-de-los-as-estudiantes-universitarios-ante-la-junta-administradora-de-la-politica-de-gratuidad-en-la-matricula
2026-10-05 23:06;Ministerio de Educación Nacional;Gobierno;;Convocatoria para la elección del representante de los estudiantes de las Instituciones de Educación Superior públicas ante la Junta Administradora de la Política de Gratuidad en la Matrícula;Colombia (organización colombiana);;;;https://www.mineducacion.gov.co/portal/salaprensa/Calendario-de-actividades-y-eventos/427534:Convocatoria-para-la-eleccion-del-representante-de-los-estudiantes-de-las-Instituciones-de-Educacion-Superior-publicas-ante-la-Junta-Administradora-de-la-Politica-de-Gratuidad-en-la-Matricula
2026-10-05 23:06;Ministerio de Educación Nacional;Gobierno;;Convocatoria para la selección de oferentes de formación continua para el acompañamiento socioemocional en la educación inicial, con énfasis en situaciones de emergencia | Ministerio de Educación Naci;Colombia (organización colombiana);;;;https://www.mineducacion.gov.co/portal/salaprensa/Calendario-de-actividades-y-eventos/429726:Convocatoria-para-la-seleccion-de-oferentes-de-formacion-continua-para-el-acompanamiento-socioemocional-en-la-educacion-inicial-con-enfasis-en-situaciones-de-emergencia-Ministerio-de-Educacion-Nacional
2026-10-05 23:06;Ministerio de Educación Nacional;Gobierno;;Convocatoria pública CM-MEN-01-2026;Colombia (organización colombiana);;;;https://www.mineducacion.gov.co/portal/salaprensa/Calendario-de-actividades-y-eventos/429240:Convocatoria-publica-CM-MEN-01-2026
2026-10-05 23:06;Ministerio de Educación Nacional;Gobierno;;Convocatoria pública CM-MEN-02-2026;Colombia (organización colombiana);;;;https://www.mineducacion.gov.co/portal/salaprensa/Calendario-de-actividades-y-eventos/429263:Convocatoria-publica-CM-MEN-02-2026
2026-10-05 23:06;Ministerio de Educación Nacional;Gobierno;;Convocatoria pública CM-MEN-03-2026;Colombia (organización colombiana);;;;https://www.mineducacion.gov.co/portal/salaprensa/Calendario-de-actividades-y-eventos/429373:Convocatoria-publica-CM-MEN-03-2026
2026-10-05 23:06;Ministerio de Educación Nacional;Gobierno;;Convocatoria pública CM-MEN-04-2026;Colombia (organización colombiana);;;;https://www.mineducacion.gov.co/portal/salaprensa/Calendario-de-actividades-y-eventos/429214:Convocatoria-publica-CM-MEN-04-2026
2026-10-05 23:06;Ministerio de Educación Nacional;Gobierno;;Convocatoria pública LP-MEN-01-2026;Colombia (organización colombiana);;;;https://www.mineducacion.gov.co/portal/salaprensa/Calendario-de-actividades-y-eventos/428962:Convocatoria-publica-LP-MEN-01-2026
2026-10-05 23:06;Ministerio de Educación Nacional;Gobierno;;Convocatoria Pública para la Postulación de Exámenes Estandarizados de Lenguas Extranjeras;Colombia (organización colombiana);;;;https://www.mineducacion.gov.co/portal/salaprensa/Calendario-de-actividades-y-eventos/429088:Convocatoria-Publica-para-la-Postulacion-de-Examenes-Estandarizados-de-Lenguas-Extranjeras
2026-10-05 23:06;Ministerio de Educación Nacional;Gobierno;;INVITACIÓN A PRESENTAR EXPRESIONES DE INTERÉS SERVICIOS DE CONSULTORÍA;Colombia;;;;https://www.mineducacion.gov.co/portal/salaprensa/Calendario-de-actividades-y-eventos/427654:INVITACION-A-PRESENTAR-EXPRESIONES-DE-INTERES-SERVICIOS-DE-CONSULTORIA
2026-10-05 23:06;Médicos del Mundo Colombia;Salud;;Asistente de Logística;Colombia;;;;https://co.computrabajo.com/ofertas-de-trabajo/oferta-de-trabajo-de-asistente-de-logistica-quibdo-330-en-quibdo-DA3A0F1287A997A561373E686DCF3405
2026-10-05 23:06;Médicos del Mundo Colombia;Salud;;Asistente de Logística;Colombia;;;;https://co.computrabajo.com/ofertas-de-trabajo/oferta-de-trabajo-de-asistente-de-logistica-popayan-332-en-popayan-97C3FD3D8B1E6EC261373E686DCF3405
2026-10-05 23:06;Médicos del Mundo Colombia;Salud;;Asistente de Logística;Colombia;;;;https://co.computrabajo.com/ofertas-de-trabajo/oferta-de-trabajo-de-asistente-de-logistica-tumaco-331-en-tumaco-E50E55E18DA9FE0D61373E686DCF3405
2026-10-05 23:06;Médicos del Mundo Colombia;Salud;;Auxiliar de Enfermería;Colombia;;;;https://co.computrabajo.com/ofertas-de-trabajo/oferta-de-trabajo-de-auxiliar-de-enfermeria-quibdo-325-en-quibdo-444C29A54A0739B461373E686DCF3405
2026-10-05 23:06;Médicos del Mundo Colombia;Salud;;Auxiliar de Enfermería;Colombia;;;;https://co.computrabajo.com/ofertas-de-trabajo/oferta-de-trabajo-de-auxiliar-de-enfermeria-popayan-327-en-popayan-B1201AC83D3B2B0D61373E686DCF3405
2026-10-05 23:06;Médicos del Mundo Colombia;Salud;;Auxiliar de Enfermería;Colombia;;;;https://co.computrabajo.com/ofertas-de-trabajo/oferta-de-trabajo-de-auxiliar-de-enfermeria-tumaco-326-en-tumaco-1058E8F385C306B761373E686DCF3405
2026-10-05 23:06;Médicos del Mundo Colombia;Salud;;Auxiliar de Farmacia;Colombia;;;;https://co.computrabajo.com/ofertas-de-trabajo/oferta-de-trabajo-de-auxiliar-de-farmacia-popayan-323-en-popayan-D428E500CDE95A1561373E686DCF3405
2026-10-05 23:06;Médicos del Mundo Colombia;Salud;;Auxiliar de Farmacia;Colombia;;;;https://co.computrabajo.com/ofertas-de-trabajo/oferta-de-trabajo-de-auxiliar-de-farmacia-quibdo-322-en-quibdo-94152ECCBBD1F7CD61373E686DCF3405
2026-10-05 23:06;Médicos del Mundo Colombia;Salud;;Auxiliar de Farmacia;Colombia;;;;https://co.computrabajo.com/ofertas-de-trabajo/oferta-de-trabajo-de-auxiliar-de-farmacia-tumaco-321-en-tumaco-D1D6119D5FA633F161373E686DCF3405
2026-10-05 23:06;Médicos del Mundo Colombia;Salud;;Enfermero/a de Terreno;Colombia;;;;https://co.computrabajo.com/ofertas-de-trabajo/oferta-de-trabajo-de-enfermeroa-de-terreno-quibdo-313-en-quibdo-C46C78F257EB7C7D61373E686DCF3405
2026-10-05 23:06;Médicos del Mundo Colombia;Salud;;Medico/a de Terreno;Colombia;;;;https://co.computrabajo.com/ofertas-de-trabajo/oferta-de-trabajo-de-medicoa-de-terreno-tumaco-333-en-tumaco-B57D653F1C53362861373E686DCF3405
2026-10-05 23:06;Médicos del Mundo Colombia;Salud;;Médico/a de Terreno;Colombia;;;;https://co.computrabajo.com/ofertas-de-trabajo/oferta-de-trabajo-de-medicoa-de-terreno-errern-bogota-311-en-bogota-dc-44C622C31C80F5B061373E686DCF3405
2026-10-05 23:06;Médicos del Mundo Colombia;Salud;;Médico/a de Terreno;Colombia;;;;https://co.computrabajo.com/ofertas-de-trabajo/oferta-de-trabajo-de-medicoa-de-terreno-errern-bogota-316-en-bogota-dc-A1306BD7BF782C7061373E686DCF3405
2026-10-05 23:06;Médicos del Mundo Colombia;Salud;;Oficial de Logística;Colombia;;;;https://co.computrabajo.com/ofertas-de-trabajo/oferta-de-trabajo-de-oficial-de-logistica-quibdo-329-en-quibdo-7663404195759FE461373E686DCF3405
2026-10-05 23:06;Médicos del Mundo Colombia;Salud;;Oficial de Logística;Colombia;;;;https://co.computrabajo.com/ofertas-de-trabajo/oferta-de-trabajo-de-oficial-de-logistica-popayan-319-en-popayan-80D4BB78823ECCFD61373E686DCF3405
2026-10-05 23:06;Médicos del Mundo Colombia;Salud;;Psicólogo/a Clinico/a de Terreno;Colombia;;;;https://co.computrabajo.com/ofertas-de-trabajo/oferta-de-trabajo-de-psicologoa-clinicoa-de-terreno-errern-bogota-310-en-bogota-dc-1C6C205EB541A2B961373E686DCF3405
2026-10-07 06:33;NGO Tenders;Agregador;;Employment Specialist;Remoto;;;;https://ngotenders.net/job/employment-specialist-4
2026-10-05 22:36;Observatorio de la Universidad Colombiana;Educación;;2) Simulación salarial para aspirantes a ser docente en una universidad pública como la UIS;Colombia (organización colombiana);;;;https://www.uis.edu.co/simulacion/profesores/simulacion.jsp
2026-10-05 22:36;Observatorio de la Universidad Colombiana;Educación;;Concurso docente: Universidad de Córdoba;Colombia;;;;https://www.universidad.edu.co/vacantes/concurso-docente-universidad-de-cordoba
2026-10-05 22:36;Observatorio de la Universidad Colombiana;Educación;;Convocatoria profesores de hora cátedra: UIS;Colombia;;;;https://www.universidad.edu.co/vacantes/convocatoria-profesores-de-hora-catedra-uis
2026-10-07 06:33;Observatorio de la Universidad Colombiana;Educación;;Coordinador de Formación Sapienza;Colombia;;;coordinador;https://www.universidad.edu.co/vacantes/coordinador-de-formacion-sapienza
2026-10-05 22:36;Observatorio de la Universidad Colombiana;Educación;;Coordinador de investigaciones de ciencias Sociales: Unitecnar;Colombia;;;coordinador;https://www.universidad.edu.co/vacantes/coordinador-de-investigaciones-de-ciencias-sociales-unitecnar
2026-10-05 22:36;Observatorio de la Universidad Colombiana;Educación;;Coordinador de Permanencia: Unitecnar;Colombia;;;coordinador;https://www.universidad.edu.co/vacantes/coordinador-de-permanencia-unitecnar
2026-10-05 22:36;Observatorio de la Universidad Colombiana;Educación;;Director(a) de Posgrados: Universidad Incca;Colombia;;;;https://www.universidad.edu.co/vacantes/directora-de-posgrados-universidad-incca
2026-10-05 22:36;Observatorio de la Universidad Colombiana;Educación;;Docente Licenciatura en Educación Infantil: UNAB;Colombia;;;;https://www.universidad.edu.co/vacantes/docente-licenciatura-en-educacion-infantil-unab
2026-10-05 22:36;Observatorio de la Universidad Colombiana;Educación;;Docente seguridad de la información: UNAD;Colombia (organización colombiana);;;;https://www.universidad.edu.co/vacantes/docente-seguridad-de-la-informacion-unad
2026-10-05 22:36;Observatorio de la Universidad Colombiana;Educación;;Docente – Tutor Virtual Especialización Análisis Funcional de Sistemas de Información: Uniempresarial;Colombia;;;;https://www.universidad.edu.co/vacantes/docente-tutor-virtual-especializacion-analisis-funcional-de-sistemas-de-informacion-uniempresarial
2026-10-05 22:36;Observatorio de la Universidad Colombiana;Educación;;Profesional de Procesos de Aseguramiento de Calidad Académica: U. Central;Colombia;;;;https://www.universidad.edu.co/vacantes/profesional-de-procesos-de-aseguramiento-de-calidad-academica-u-central
2026-10-05 22:36;Observatorio de la Universidad Colombiana;Educación;;Profesional especializado en diseño curricular (ETDH): Uniagraria;Colombia;;;;https://www.universidad.edu.co/vacantes/profesional-especializado-en-diseno-curricular-etdh-uniagraria
2026-10-05 23:06;OnPurpose Careers;Agregador;;Chief executive officer;Remoto;;;;https://add.org.uk/chief-executive-officer
2026-10-05 23:06;OnPurpose Careers;Agregador;;Chief growth operations officer head global;Remoto;;;;https://www.headgloballlc.com/chief-growth-operations-officer-head-global
2026-10-05 23:06;OnPurpose Careers;Agregador;;Program Director Requisition 2026201380;Remoto;;;;https://fhi.wd1.myworkdayjobs.com/FHI_360_External_Career_Portal/job/US-REMOTE-DC/Program-Director_Requisition-2026201380
2026-10-05 23:06;ONU Hábitat;ONU;;Jóvenes por el Eje Cafetero: convocatoria para iniciativas de recuperación y reconstrucción lideradas por jóvenes;Colombia;;;;https://onu-habitat.org/index.php/jovenes-por-el-eje-cafetero-convocatoria-para-iniciativas-de-recuperacion-y-reconstruccion-lideradas-por-jovenes
2026-10-05 22:36;Parque Explora;Educación;;Practicante de Diseño Gráfico;Colombia;;;;https://www.magneto365.com/co/empleos/practicante-de-diseno-grafico-1032708
2026-10-05 22:36;Parque Explora;Educación;;Practicante de Diseño Industrial 2027-1;Colombia;;;;https://www.magneto365.com/co/empleos/practicante-de-diseno-industrial-2027-1-1032221
2026-10-05 22:36;Parque Explora;Educación;;Practicante de Psicología Organizacional 2027-1;Colombia;;;;https://www.magneto365.com/co/empleos/practicante-de-psicologia-organizacional-2027-1-1036010
2026-10-05 22:36;Parque Explora;Educación;;Practicante Social En Parque Explora (2027-1);Colombia;;;;https://www.magneto365.com/co/empleos/practicante-de-ciencias-sociales-en-parque-explora-1041875
2026-10-07 06:33;PCDN;Agregador;;Chief Financial Officer, The AI Access Initiative;Remoto;;;;https://jobs.pcdn.global/jobs/chief-financial-officer-the-ai-access-initiative-f89b004d
2026-10-07 06:33;PCDN;Agregador;;Chief People Officer, The AI Access Initiative;Remoto;;;;https://jobs.pcdn.global/jobs/chief-people-officer-the-ai-access-initiative-1777aa25
2026-10-07 06:33;PCDN;Agregador;;Conference & Events Associate;Remoto;;;;https://jobs.pcdn.global/jobs/conference-events-associate-9f00ca37
2026-10-07 06:33;PCDN;Agregador;;Country Lead - Laos;Remoto;;;;https://jobs.pcdn.global/jobs/country-lead-laos-179a29a5
2026-10-07 06:33;PCDN;Agregador;;Country Lead - Thailand;Remoto;;;;https://jobs.pcdn.global/jobs/country-lead-thailand-c9556200
2026-10-07 06:33;PCDN;Agregador;;Policy & Partnerships Manager - South East Asia;Remoto;;;;https://jobs.pcdn.global/jobs/policy-partnerships-manager-south-east-asia-7c50e93e
2026-10-07 06:33;PCDN;Agregador;;Senior Manager Finance;Remoto;;;;https://jobs.pcdn.global/jobs/senior-manager-finance-f6d387e5
2026-10-07 06:33;PCDN;Agregador;;Senior Manager, Public Relations;Remoto;;;;https://jobs.pcdn.global/jobs/senior-manager-public-relations-b7a1977e
2026-10-07 06:33;PCDN;Agregador;;Sr. Manager, Finance Systems Operations (DC Region);Remoto;;;;https://jobs.pcdn.global/jobs/sr-manager-finance-systems-operations-dc-region-c39d0faf
2026-10-05 22:36;Peace Brigades International Colombia (PBI);Humanitario;;Convocatoria: Coordinación de Monitoreo y Recaudación de Fondos;Colombia (organización colombiana);;;monitoreo;https://pbicolombia.org/es/noticias/convocatoria-coordinacion-de-monitoreo-y-recaudacion-de-fondos-2
2026-10-05 22:36;Peace Brigades International Colombia (PBI);Humanitario;;Convocatoria: Coordinación de Monitoreo y Recaudación de Fondos;Colombia (organización colombiana);;;monitoreo;https://peacebrigades.org/es/nuestro-trabajo/qu%C3%A9-hacemos
2026-10-05 22:36;Platzi;Educación;;Course Director;Colombia;Bogotá, Colombia;2026-09-09;Colombia, Bogotá;https://apply.workable.com/j/6CC9F0FD3B
2026-10-05 22:36;Platzi;Educación;;Head of Education;Colombia;Bogotá, Colombia;2026-09-07;Colombia, Bogotá;https://apply.workable.com/j/969ED3C8CD
2026-10-05 22:36;Platzi;Educación;;Learning Solutions Consultant;Colombia;Bogotá, Colombia;2026-08-25;Colombia, Bogotá;https://apply.workable.com/j/67DE0DC38F
2026-10-05 22:36;Platzi;Educación;;Product Designer;Colombia;Bogotá, Colombia;2026-09-29;Colombia, Bogotá;https://apply.workable.com/j/28D7BEC272
2026-10-05 22:36;Platzi;Educación;;Senior Software Engineer (Growth Marketing);Colombia;Bogotá, Colombia;2026-09-09;Colombia, Bogotá;https://apply.workable.com/j/680E47041B
2026-10-05 22:36;Platzi;Educación;;Senior Software Engineer (Learn);Colombia;Bogotá, Colombia;2026-09-17;Colombia, Bogotá;https://apply.workable.com/j/5721B2AFF7
2026-10-05 23:06;Profamilia;Salud;;Analista de Incidencia Bogotá;Colombia;;;Bogotá;https://asociacion-profamilia.pandape.computrabajo.com/Detail/13745737
2026-10-05 23:06;Profamilia;Salud;;Auxiliar Administrativo Clinica;Colombia (organización colombiana);;;;https://asociacion-profamilia.pandape.computrabajo.com/Detail/13769947
2026-10-07 06:33;Profamilia;Salud;;Auxiliar Administrativo Clínica II;Colombia (organización colombiana);;;;https://asociacion-profamilia.pandape.computrabajo.com/Detail/13834757
2026-10-05 23:06;Profamilia;Salud;;Auxiliar Administrativo en Clínica;Colombia (organización colombiana);;;;https://asociacion-profamilia.pandape.computrabajo.com/Detail/13731740
2026-10-05 23:06;Profamilia;Salud;;Auxiliar administrativo en Salud Bucaramanga;Colombia;;;;https://asociacion-profamilia.pandape.computrabajo.com/Detail/13716914
2026-10-05 23:06;Profamilia;Salud;;Auxiliar Administrativo en Salud Paend;Colombia (organización colombiana);;;;https://asociacion-profamilia.pandape.computrabajo.com/Detail/13757855
2026-10-05 23:06;Profamilia;Salud;;Auxiliar administrativo/a Zona Norte;Colombia (organización colombiana);;;;https://asociacion-profamilia.pandape.computrabajo.com/Detail/13742730
2026-10-05 23:06;Profamilia;Salud;;Auxiliar Alistamiento de Radicación en Salud;Colombia (organización colombiana);;;;https://asociacion-profamilia.pandape.computrabajo.com/Detail/13716786
2026-10-07 06:33;Profamilia;Salud;;Auxiliar Alistamiento y Radicacion cuentas medicas Medellin;Colombia;;;;https://asociacion-profamilia.pandape.computrabajo.com/Detail/13828162
2026-10-05 23:06;Profamilia;Salud;;Auxiliar de enfermería Apartadó;Colombia (organización colombiana);;;;https://asociacion-profamilia.pandape.computrabajo.com/Detail/13793291
2026-10-07 06:33;Profamilia;Salud;;Auxiliar de Enfermería Esterilización;Colombia (organización colombiana);;;;https://asociacion-profamilia.pandape.computrabajo.com/Detail/13837301
2026-10-05 23:06;Profamilia;Salud;;Auxiliar de enfermería QX 6 Horas am, Norte;Colombia (organización colombiana);;;;https://asociacion-profamilia.pandape.computrabajo.com/Detail/13762557
2026-10-05 23:06;Profamilia;Salud;;Auxiliar de enfermería QX 6 horas pm, Norte;Colombia (organización colombiana);;;;https://asociacion-profamilia.pandape.computrabajo.com/Detail/13747802
2026-10-05 23:06;Profamilia;Salud;;Coordinador operativo de Proyectos Sociales;Colombia (organización colombiana);;;coordinador;https://asociacion-profamilia.pandape.computrabajo.com/Detail/13788485
2026-10-07 06:33;Profamilia;Salud;;Jefe de Enfermería Consulta Externa;Colombia (organización colombiana);;;;https://asociacion-profamilia.pandape.computrabajo.com/Detail/13828343
2026-10-05 23:06;Profamilia;Salud;;Profesional de Enfermería 6 horas Zona Norte;Colombia (organización colombiana);;;;https://asociacion-profamilia.pandape.computrabajo.com/Detail/13731498
2026-10-05 23:06;Profamilia;Salud;;Profesional de Enfermería para Jefe de Cirugía;Colombia (organización colombiana);;;;https://asociacion-profamilia.pandape.computrabajo.com/Detail/13749076
2026-10-05 23:06;Profamilia;Salud;;Profesional de Instrumentación Quirúrgica – 6 horas diarias;Colombia (organización colombiana);;;;https://asociacion-profamilia.pandape.computrabajo.com/Detail/13768170
2026-10-05 23:06;Profamilia;Salud;;Profesional en medicina Medellin;Colombia;;;;https://asociacion-profamilia.pandape.computrabajo.com/Detail/13760965
2026-10-05 22:36;Prosper Global;Humanitario;;Expert Roster: Energy Access Consultants Anywhere, United States;Remoto;;;;https://jobs.jobvite.com/prosperglobal/job/oxsxAfwQ
2026-10-07 06:33;Prosper Global;Humanitario;;Regional Finance Analyst Anywhere, United States;Remoto;;;;https://jobs.jobvite.com/prosperglobal/job/oQaVAfwf
2026-10-05 22:36;Prosper Global;Humanitario;;Regional Finance Director, Asia, Middle East and Europe (AMEE) - Remote, Prosper Global office location - preference for AMEE region time zone Middle East - Various Locations, Jordan;Remoto;;;remote;https://jobs.jobvite.com/prosperglobal/job/oInrAfwQ
2026-10-05 22:36;Prosper Global;Humanitario;;Subawards Compliance Finance Officer, Puerto Rico or Colombia San Juan, Puerto Rico;Colombia;;;Colombia;https://jobs.jobvite.com/prosperglobal/job/o1gRAfws
2026-10-05 22:36;Prosper Global;Humanitario;;Ventures Impact Measurement and Management Consultant Anywhere, United States;Remoto;;;;https://jobs.jobvite.com/prosperglobal/job/ovoRAfw4
2026-10-05 22:36;PurposePhil Career;Agregador;;Director, Measurement & Impact;Remoto;;;;https://www.purposephilcareer.com/jobs/680545847-director-measurement-impact
2026-10-05 22:36;PurposePhil Career;Agregador;;Sr. Policy Manager, Embedded Labs Program;Remoto;;;;https://www.purposephilcareer.com/jobs/693251513-sr-policy-manager-embedded-labs-program
2026-10-07 06:33;PurposePhil Career;Agregador;;Sr. Policy Manager, Embedded Labs Program;Remoto;;;;https://www.purposephilcareer.com/jobs/750608153-sr-policy-manager-embedded-labs-program
2026-10-05 22:36;PurposePhil Career;Agregador;;𝗦𝘁𝗿𝗮𝘁𝗲𝗴𝗶𝗰 𝗕𝘂𝘀𝗶𝗻𝗲𝘀𝘀 𝗗𝗲𝘃𝗲𝗹𝗼𝗽𝗺𝗲𝗻𝘁 𝗠𝗮𝗻𝗮𝗴𝗲𝗿 – 𝗠𝗘𝗡𝗔;Remoto;;;;https://www.purposephilcareer.com/jobs/693441146-
2026-10-05 22:36;Red Adelco;Desarrollo Comunitario;;Administrador;Colombia (organización colombiana);;;;https://redadelco.org/author/admin
2026-10-06 06:32;Red Adelco;Desarrollo Comunitario;;Consultoria tecnica en enfoque de genero e inclusion social gesi mit redserpaz;Colombia (organización colombiana);;;;https://redadelco.org/consultoria-tecnica-en-enfoque-de-genero-e-inclusion-social-gesi-mit-redserpaz
2026-10-06 06:32;Red Adelco;Desarrollo Comunitario;;Contratacion ingeniero a de sistemas para desarrollo de software pruebas;Colombia (organización colombiana);;;;https://redadelco.org/contratacion-ingeniero-a-de-sistemas-para-desarrollo-de-software-pruebas
2026-10-05 22:36;Red Sea Executive Search;Agregador;;Dirección Ejecutiva Fixed Term;Colombia;;;;https://www.redseasearch.com/job/direccion-ejecutiva
2026-10-05 22:36;Refugiados Unidos;Migración;;Oficial en Seguridad Digital;Colombia;;;;https://www.refugiadosunidos.org/images/2026/TDR%202026%20II_Especialista%20en%20Seguridad%20Digital.pdf
2026-10-05 22:36;Remote Jobs Opportunities;Agregador;;African Parks Network Hiring Park Maintenance Supervisor | Remote Position | Apply by 1 October 2026;Remoto;;;remote;https://remotejobsopportunities.com/park
2026-10-07 06:33;Remote Jobs Opportunities;Agregador;;Equality Now Hiring Director, Major Gifts: Remote Global Opportunity | Fund Development | Apply Now;Remoto;;;remote;https://remotejobsopportunities.com/gift-4
2026-10-07 06:33;Remote Jobs Opportunities;Agregador;;Farm Radio International Opens Global Consultant Registration Pool: Remote & In-Country Opportunities | Apply Now;Remoto;;;remote;https://remotejobsopportunities.com/inter-75
2026-10-07 06:33;Remote Jobs Opportunities;Agregador;;Relief International Seeks Health Innovation Lead: Remote Global Health Job | 12-Month Contract | Apply by 16 October 2026;Remoto;;;remote;https://remotejobsopportunities.com/relief-8
2026-10-07 06:33;Remote Jobs Opportunities;Agregador;;Save the Children Seeks Program / Executive Officer, LAC: Remote/Hybrid Opportunity | Latin America & Caribbean | Apply by 12 October 2026;Remoto;;;remote, Latin America, LAC;https://remotejobsopportunities.com/child-22
2026-10-07 06:33;Remote Jobs Opportunities;Agregador;;United Nations Seeks Countering Terrorism Financing Expert: Remote UN Opportunity | Apply by 17 October 2026;Remoto;;;remote;https://remotejobsopportunities.com/financing-2
2026-10-07 06:33;Remote Jobs Opportunities;Agregador;;UNOPS Seeks Gender Equality and Social Inclusion Officer: Home-Based Opportunity | 12-Month Contract | Apply by 16 October 2026;Remoto;;;;https://remotejobsopportunities.com/off-19
2026-10-05 22:36;Ruta N Medellín;Tecnología;;Convocatoria I Desarrollador(a) de Soluciones CTI Nivel 2 / Profesional Gestión Digital;Colombia (organización colombiana);;;;https://rutanmedellin.org/trabaja-con-nosotros/persona-natural/profesional-gestion-digital?hsLang=es
2026-10-05 22:36;Ruta N Medellín;Tecnología;;Convocatoria I Desarrollador(a) de soluciones CTI Nivel 3 / Mercadeo y Comunicaciones;Colombia (organización colombiana);;;;https://rutanmedellin.org/trabaja-con-nosotros/persona-natural/profesional-mercadeo-comunicaciones?hsLang=es
2026-10-05 22:36;Ruta N Medellín;Tecnología;;Convocatoria I Desarrollador(a) de Soluciones CTI Nivel 3 / Profesional TI;Colombia (organización colombiana);;;;https://rutanmedellin.org/trabaja-con-nosotros/persona-natural/profesional-ti-nivel-3?hsLang=es
2026-10-05 22:36;Ruta N Medellín;Tecnología;;Convocatoria I Profesional de Gestión Humana;Colombia (organización colombiana);;;;https://rutanmedellin.org/trabaja-con-nosotros/persona-natural/profesional-gestion-humana?hsLang=es
2026-10-05 22:36;Ruta N Medellín;Tecnología;;Convocatoria I Profesional Marca y Comunicaciones / Nivel 3;Colombia (organización colombiana);;;;https://rutanmedellin.org/trabaja-con-nosotros/persona-natural/profesional-marca-comunicaciones?hsLang=es
2026-10-05 22:36;Ruta N Medellín;Tecnología;;Convocatoria I Profesional TI / Nivel 2;Colombia (organización colombiana);;;;https://rutanmedellin.org/trabaja-con-nosotros/persona-natural/profesional-ti-nivel-2?hsLang=es
2026-10-05 22:36;Ruta N Medellín;Tecnología;;Convocatoria Tecnólogo(a) Apoyo Administrativo / Énfasis Compras / Nivel 1;Colombia (organización colombiana);;;;https://rutanmedellin.org/trabaja-con-nosotros/persona-natural/tecnologo-administrativo-compras?hsLang=es
2026-10-05 22:36;Ruta N Medellín;Tecnología;;Convocatoria Tecnólogo(a) Apoyo Administrativo / Énfasis Nómina / Nivel 1;Colombia (organización colombiana);;;;https://rutanmedellin.org/trabaja-con-nosotros/persona-natural/tecnologo-administrativo-nomina?hsLang=es
2026-10-05 22:36;Ruta N Medellín;Tecnología;;Profesional Marca y Comunicaciones N2;Colombia (organización colombiana);;;;https://rutanmedellin.org/trabaja-con-nosotros/persona-natural/profesional-marca-y-comunicaciones-n2?hsLang=es
2026-10-05 22:36;Servicio Jesuita a Refugiados;Humanitario;;Tdr – Auxiliar administrativo 027-26;Colombia (organización colombiana);;;;https://col.jrs.net/wp-content/uploads/sites/14/2026/10/AUXILIAR-ADMINISTRATIVO-ON.pdf
2026-10-05 22:36;Solidaridad Latam;Sostenibilidad;;Consultoría para el fortalecimiento de capacidades en seguridad de la información y desarrollo de módulo virtual de inducción;Colombia;;;;https://solidaridadlatam.org/vacantes/consutoria-fortalecimiento-capacidades-seguridad
2026-10-05 22:36;Solidaridad Latam;Sostenibilidad;;Convocatoria: Especialista en Infraestructura Tecnológica, Plataformas y Ciberseguridad;Colombia;;;;https://solidaridadlatam.org/vacantes/convocatoria-especialista-en-infraestructura-tecnologica-plataformas-y-ciberseguridad
2026-10-05 22:36;Solidaridad Latam;Sostenibilidad;;Convocatoria: Líder de recursos humanos;Colombia;;;;https://solidaridadlatam.org/vacantes/convocatoria-lider-de-recursos-humanos
2026-10-05 22:36;SRI;Agregador;;Chief Development Officer;Remoto;;;;https://www.sri-executive.com/opportunities/chief-development-officer-3
2026-10-05 22:36;SRI;Agregador;;Chief People & Culture Officer;Remoto;;;;https://www.sri-executive.com/opportunities/chief-people-culture-officer-2
2026-10-05 22:36;SRI;Agregador;;Chief Program Officer;Remoto;;;;https://www.sri-executive.com/opportunities/chief-program-officer-3
2026-10-05 22:36;SweFOR Movimiento Sueco por la Reconciliación;Humanitario;;SweFOR busca profesional en comunicaciones para Colombia;Colombia;;;Colombia;https://swefor.org/es/trabaja-en-nuestra-organizacion/swefor-busca-profesional-en-comunicaciones-para-colombia
2026-10-05 22:36;SWISSAID Colombia;Desarrollo Comunitario;;Convocatoria- profesional de género 2026;Colombia;;;;https://www.swissaid.org.co/convocatoria-profesional-de-genero-2026
2026-10-07 06:33;The Impact Job;Agregador;;Associate Director of Research, Vera California;Remoto;;;;https://www.theimpactjob.com/jobs/749641034-associate-director-of-research-vera-california
2026-10-05 22:36;The Nature Conservancy;Sostenibilidad;;Associate Director of Corporate Relations;Remoto;Remoto - California;Publicado hace 5 días;remoto;https://nature.wd108.myworkdayjobs.com/ExternalCareers/job/Remoto---California/Associate-Director-of-Corporate-Relations_JR104051
2026-10-05 22:36;The Nature Conservancy;Sostenibilidad;;Associate Director of Development, Corporate and Foundation Relations;Remoto;Remoto - California;Publicado hace 3 días;remoto;https://nature.wd108.myworkdayjobs.com/ExternalCareers/job/Remoto---California/Associate-Director-of-Development-I--Corporate-and-Foundation-Relations_JR104050
2026-10-05 22:36;The Nature Conservancy;Sostenibilidad;;Dairy Program Coordinator;Remoto;Remoto, EE. UU.;Publicado hace 6 días;remoto, coordinator;https://nature.wd108.myworkdayjobs.com/ExternalCareers/job/Remoto-EE-UU/Dairy-Program-Coordinator_JR103898-1
2026-10-07 06:33;The Nature Conservancy;Sostenibilidad;;Michigan Executive Director and Midwest Partner;Remoto;Remoto - Míchigan;Publicado ayer;remoto;https://nature.wd108.myworkdayjobs.com/ExternalCareers/job/Remoto---Mchigan/Michigan-Executive-Director-and-Midwest-Partner_JR103442
2026-10-05 22:36;The Nature Conservancy;Sostenibilidad;;Senior Paralegal;Remoto;Remoto, EE. UU.;Publicado hace 7 días;remoto;https://nature.wd108.myworkdayjobs.com/ExternalCareers/job/Remoto-EE-UU/Senior-Paralegal_JR104039
2026-10-05 22:36;The Nature Conservancy;Sostenibilidad;;Senior Recruiter;Remoto;Remoto - Nueva Jersey;Publicado hace 6 días;remoto;https://nature.wd108.myworkdayjobs.com/ExternalCareers/job/Remoto---Nueva-Jersey/Senior-Recruiter_JR103963-1
2026-10-05 22:36;The Nature Conservancy;Sostenibilidad;;South Carolina Forest Recovery Director;Remoto;Remoto - Carolina del Sur;Publicado hace 6 días;remoto;https://nature.wd108.myworkdayjobs.com/ExternalCareers/job/Remoto---Carolina-del-Sur/South-Carolina-Forest-Recovery-Director_JR103952
2026-10-05 22:36;Tiempo de Juego;Desarrollo Comunitario;;Descargar términos de referencia;Colombia (organización colombiana);;;;https://tiempodejuego.org/wp-content/uploads/Terminos-de-referencia-apoyo-juridico.docx.pdf
2026-10-05 22:36;Tiempo de Juego;Desarrollo Comunitario;;Descargar términos de referencia;Colombia (organización colombiana);;;;https://drive.google.com/file/d/1wlFz2P9EvwQO9TrzdvzkERAgBeu7-qro/view?usp=sharing
2026-10-05 22:36;Trabajo Humanitario;Agregador;;CARE busca Coordinador/a de alianzas con el sector privado en Colombia;Colombia;;;Colombia, coordinador;https://trabajohumanitario.org/care-busca-coordinador-a-de-alianzas-con-el-sector-privado-en-colombia
2026-10-07 06:33;Trabajo Humanitario;Agregador;;CARE Colombia abre convocatoria para diseño, suministro e instalación de un sistema de cámaras de seguridad (cctv) – oficina de Care;Colombia;;;Colombia;https://trabajohumanitario.org/care-colombia-abre-convocatoria-para-diseno-suministro-e-instalacion-de-un-sistema-de-camaras-de-seguridad-cctv-oficina-de-care
2026-10-07 06:33;Trabajo Humanitario;Agregador;;CARE Colombia busca consultoría para elaboración de informe de necesidades;Colombia;;;Colombia;https://trabajohumanitario.org/care-colombia-busca-consultoria-para-elaboracion-de-informe-de-necesidades
2026-10-05 22:36;Trabajo Humanitario;Agregador;;El Comité Internacional de Rescate – IRC – busca coordinador(a) evaluación conjunta de necesidades en educación en Colombia;Colombia;;;Colombia, coordinador;https://trabajohumanitario.org/el-comite-internacional-de-rescate-irc-busca-coordinadora-evaluacion-conjunta-de-necesidades-en-educacion-en-colombia
2026-10-05 22:36;Trabajo Humanitario;Agregador;;HEKS/EPER busca jefe de proyecto en Colombia;Colombia;;;Colombia;https://trabajohumanitario.org/heks-eper-busca-jefe-de-proyecto-en-colombia
2026-10-05 22:36;Trabajo Humanitario;Agregador;;HEKS/EPER busca un/a asistente administrativo/a en Colombia;Colombia;;;Colombia;https://trabajohumanitario.org/heks-eper-busca-un-a-asistente-administrativo-a-en-colombia
2026-10-05 22:36;Trabajo Humanitario;Agregador;;HEKS/EPER busca un/a técnico/a PCI en Colombia;Colombia;;;Colombia;https://trabajohumanitario.org/heks-eper-busca-un-a-tecnico-a-pci-en-colombia
2026-10-05 22:36;Trabajo Humanitario;Agregador;;Médicos del Mundo busca enfermera/o formador/a en Colombia;Colombia;;;Colombia;https://trabajohumanitario.org/medicos-del-mundo-busca-enfermera-o-formador-a-en-colombia
2026-10-05 22:36;Trabajo Humanitario;Agregador;;Médicos del Mundo busca médico formador en Colombia;Colombia;;;Colombia;https://trabajohumanitario.org/medicos-del-mundo-busca-medico-formador-en-colombia
2026-10-05 22:36;Trabajo Humanitario;Agregador;;Médicos del Mundo busca un/a coordinador/a de terreno en Colombia;Colombia;;;Colombia, coordinador;https://trabajohumanitario.org/medicos-del-mundo-busca-un-a-coordinador-a-de-terreno-en-colombia
2026-10-05 22:36;UNFPA;ONU;;APOYO TÉCNICO-OPERATIVO PARA LA IMPLEMENTACIÓN DEL PROYECTO “MATRIMONIOS INFANTILES Y UNIONES TEMPRANAS Y FORZADAS EN COLOMBIA” TERCERA FASE;Colombia;;;Colombia;https://colombia.unfpa.org/es/vacancies/apoyo-t%C3%A9cnico-operativo-para-la-implementaci%C3%B3n-del-proyecto-%E2%80%9Cmatrimonios-infantiles-y
2026-10-05 22:36;UNFPA;ONU;;Asistente Administrativo/a para el Convenio de Cuidado;Colombia;;;;https://colombia.unfpa.org/es/vacancies/asistente-administrativoa-para-el-convenio-de-cuidado
2026-10-05 22:36;UNFPA;ONU;;Asociado/a para la coordinación de la implementación territorial de las estrategias del Programa Nacional de Cuidado;Colombia;;;;https://colombia.unfpa.org/es/vacancies/asociadoa-para-la-coordinaci%C3%B3n-de-la-implementaci%C3%B3n-territorial-de-las-estrategias-del
2026-10-05 22:36;UNFPA;ONU;;Asociado/a técnico/a para la Estrategia de Sociedades del Cuidado;Colombia;;;;https://colombia.unfpa.org/es/vacancies/asociadoa-t%C3%A9cnicoa-para-la-estrategia-de-sociedades-del-cuidado
2026-10-05 22:36;UNFPA;ONU;;Asociado/a técnico/a para la Estrategia de Sociedades del Cuidado (Redes);Colombia;;;;https://colombia.unfpa.org/es/vacancies/asociadoa-t%C3%A9cnicoa-para-la-estrategia-de-sociedades-del-cuidado-redes
2026-10-05 22:36;UNFPA;ONU;;Asociado/a técnico/a para seguimiento y monitoreo del Convenio de Cuidado;Colombia;;;monitoreo;https://colombia.unfpa.org/es/vacancies/asociadoa-t%C3%A9cnicoa-para-seguimiento-y-monitoreo-del-convenio-de-cuidado
2026-10-05 22:36;UNFPA;ONU;;Profesional técnico/a para apoyo técnico y operativo del convenio de cuidado;Colombia;;;;https://colombia.unfpa.org/es/vacancies/profesional-t%C3%A9cnicoa-para-apoyo-t%C3%A9cnico-y-operativo-del-convenio-de-cuidado
2026-10-05 22:36;UNFPA;ONU;;SRH Policies and Humanitarian Response Officer, NOA, FTA, Colombia;Colombia;;;Colombia;https://colombia.unfpa.org/es/vacancies/srh-policies-and-humanitarian-response-officer-noa-fta-colombia
2026-10-07 06:33;Unicef Colombia;ONU;;National and international Professional Writer/Editor consultant,Conakry-Home based, UNICEF Guinee Planning, Monitoring & Evaluation section,2.5 months.596145;Remoto;;;;https://jobs.unicef.org/cw/en-us/job/596145/national-and-international-professional-writereditor-consultantconakryhome-based-unicef-guinee-planning-monitoring-evaluation-section25-months596145
2026-10-05 22:36;United Way Colombia;Educación;Sí;#TrabajoSíHay Estamos buscando Especialista de Evaluación y Educación;Colombia (organización colombiana);;;;https://unitedwaycolombia.org/trabajosihay-estamos-buscando-especialista-de-evaluacion-y-educacion
2026-10-05 22:36;United Way Colombia;Educación;Sí;#TrabajoSíHay Estamos buscando Especialista de Relacionamiento con inversionistas y aliados;Colombia (organización colombiana);;;;https://unitedwaycolombia.org/trabajosihay-especialista-de-relacionamiento-con-inversionistas-y-aliados
2026-10-05 23:06;Universidad EAN;Educación;;Dirección de Sostenibilidad;Colombia (organización colombiana);;;sostenibilidad;https://universidadean.edu.co/Ean-sostenibilidad
2026-10-05 23:06;Universidad EAN;Educación;;Procesos de gobierno y dirección »;Colombia (organización colombiana);;;;https://universidadean.edu.co/la-universidad/quienes-somos/organigrama/procesos-de-gobierno
2026-10-05 22:36;Universidad Santo Tomás;Educación;;CONVOCATORIA   ANALISTA DE INVESTIGACIÓN DE MERCADOS;Colombia (organización colombiana);;;;https://usantotomas.edu.co/hubfs/CONVOCATORIA%20-%20ANALISTA%20DE%20INVESTIGACI%C3%93N%20DE%20MERCADOS-1.pdf?hsLang=en
2026-10-05 22:36;Universidad Santo Tomás;Educación;;CONVOCATORIA   ANALISTA DE INVESTIGACIÓN DE MERCADOS;Colombia (organización colombiana);;;;https://usantotomas.edu.co/hubfs/CONVOCATORIA%20-%20ANALISTA%20DE%20INVESTIGACI%C3%93N%20DE%20MERCADOS.pdf?hsLang=en
2026-10-05 22:36;Universidad Santo Tomás;Educación;;CONVOCATORIA   ASISTENTE CREDITO Y CARTERA ICETEX;Colombia (organización colombiana);;;;https://usantotomas.edu.co/hubfs/CONVOCATORIA%20-%20ASISTENTE%20CREDITO%20Y%20CARTERA%20ICETEX.pdf?hsLang=en
2026-10-05 22:36;Universidad Santo Tomás;Educación;;CONVOCATORIA   COORD  MAESTRÍA DE DERECHOS HUMANOS;Colombia;;;;https://usantotomas.edu.co/hubfs/CONVOCATORIA%20-%20COORD.%20MAESTR%C3%8DA%20DE%20DERECHOS%20HUMANOS.pdf?hsLang=en
2026-10-05 22:36;Universidad Santo Tomás;Educación;;CONVOCATORIA   COORDINADOR (A) DE POSGRADOS;Colombia (organización colombiana);;;coordinador;https://usantotomas.edu.co/hubfs/CONVOCATORIA%20-%20COORDINADOR%20(A)%20DE%20POSGRADOS.pdf?hsLang=en
2026-10-05 22:36;Universidad Santo Tomás;Educación;;CONVOCATORIA   COORDINADOR (A) DE POSGRADOS (1);Colombia (organización colombiana);;;coordinador;https://usantotomas.edu.co/hubfs/CONVOCATORIA%20-%20COORDINADOR%20(A)%20DE%20POSGRADOS%20(1).pdf?hsLang=en
2026-10-05 22:36;Universidad Santo Tomás;Educación;;CONVOCATORIA   COORDINADOR (A) PEDAGÓGICO;Colombia (organización colombiana);;;coordinador;https://usantotomas.edu.co/hubfs/CONVOCATORIA%20-%20COORDINADOR%20(A)%20PEDAG%C3%93GICO.pdf?hsLang=en
2026-10-05 22:36;Universidad Santo Tomás;Educación;;CONVOCATORIA   COORDINADOR (A) PRESUPUESTO;Colombia (organización colombiana);;;coordinador;https://usantotomas.edu.co/hubfs/CONVOCATORIA%20-%20COORDINADOR%20(A)%20PRESUPUESTO.pdf?hsLang=en
2026-10-05 22:36;Universidad Santo Tomás;Educación;;CONVOCATORIA   COORDINADOR (A) PRESUPUESTO (1);Colombia (organización colombiana);;;coordinador;https://usantotomas.edu.co/hubfs/CONVOCATORIA%20-%20COORDINADOR%20(A)%20PRESUPUESTO%20(1).pdf?hsLang=en
2026-10-05 22:36;Universidad Santo Tomás;Educación;;CONVOCATORIA   DECANO (A) SOCIOLOGÍA;Colombia (organización colombiana);;;;https://usantotomas.edu.co/hubfs/CONVOCATORIA%20-%20DECANO%20(A)%20SOCIOLOG%C3%8DA.pdf?hsLang=en
2026-10-05 22:36;Universidad Santo Tomás;Educación;;CONVOCATORIA   DOCENTE TIEMPO COMPLETO – DIRECCIÓN DE ENSEÑANZA Y APRENDIZAJE;Colombia (organización colombiana);;;;https://usantotomas.edu.co/hubfs/CONVOCATORIA%20-%20DOCENTE%20TIEMPO%20COMPLETO%20%E2%80%93%20DIRECCI%C3%93N%20DE%20ENSE%C3%91ANZA%20Y%20APRENDIZAJE.pdf?hsLang=en
2026-10-05 22:36;Universidad Santo Tomás;Educación;;CONVOCATORIA   JEFE DE ENFERMERIA;Colombia (organización colombiana);;;;https://usantotomas.edu.co/hubfs/CONVOCATORIA%20-%20JEFE%20DE%20ENFERMERIA....pdf?hsLang=en
2026-10-05 22:36;Universidad Santo Tomás;Educación;;CONVOCATORIA   JEFE DE ENFERMERIA  (1);Colombia (organización colombiana);;;;https://usantotomas.edu.co/hubfs/CONVOCATORIA%20-%20JEFE%20DE%20ENFERMERIA...%20(1).pdf?hsLang=en
2026-10-05 22:36;Universidad Santo Tomás;Educación;;CONVOCATORIA   PROFESIONA SOPORTE CONTABILIDAD;Colombia (organización colombiana);;;;https://usantotomas.edu.co/hubfs/CONVOCATORIA%20-%20PROFESIONA%20SOPORTE%20CONTABILIDAD.pdf?hsLang=en
2026-10-05 22:36;Universidad Santo Tomás;Educación;;CONVOCATORIA   PROFESIONA SOPORTE MARKETING POSGRADO;Colombia (organización colombiana);;;;https://usantotomas.edu.co/hubfs/CONVOCATORIA%20-%20PROFESIONA%20SOPORTE%20MARKETING%20POSGRADO-1.pdf?hsLang=en
2026-10-05 22:36;Universidad Santo Tomás;Educación;;CONVOCATORIA   PROFESIONA SOPORTE MARKETING POSGRADO;Colombia (organización colombiana);;;;https://usantotomas.edu.co/hubfs/CONVOCATORIA%20-%20PROFESIONA%20SOPORTE%20MARKETING%20POSGRADO.pdf?hsLang=en
2026-10-05 22:36;Universidad Santo Tomás;Educación;;CONVOCATORIA   PROFESIONAL ESPECIALIZADO;Colombia (organización colombiana);;;;https://usantotomas.edu.co/hubfs/CONVOCATORIA%20-%20PROFESIONAL%20ESPECIALIZADO.pdf?hsLang=en
2026-10-05 22:36;Universidad Santo Tomás;Educación;;CONVOCATORIA   PROFESIONAL ESPECIALIZADO DISEÑO TECNOPEDAGÓGICO;Colombia (organización colombiana);;;;https://usantotomas.edu.co/hubfs/CONVOCATORIA%20-%20PROFESIONAL%20ESPECIALIZADO%20DISE%C3%91O%20TECNOPEDAG%C3%93GICO.pdf?hsLang=en
2026-10-05 22:36;Universidad Santo Tomás;Educación;;CONVOCATORIA   PROFESIONAL SOPORTE DE ESTADÍSTICA   DIRECCIÓN DE ADMISIONES Y MARKETING;Colombia (organización colombiana);;;;https://usantotomas.edu.co/hubfs/CONVOCATORIA%20-%20PROFESIONAL%20SOPORTE%20DE%20ESTAD%C3%8DSTICA%20-%20DIRECCI%C3%93N%20DE%20ADMISIONES%20Y%20MARKETING.pdf?hsLang=en
2026-10-05 22:36;Universidad Santo Tomás;Educación;;CONVOCATORIA   PROFESIONAL SOPORTE GESTION PRESUPUESTAL;Colombia (organización colombiana);;;;https://usantotomas.edu.co/hubfs/CONVOCATORIA%20-%20PROFESIONAL%20SOPORTE%20GESTION%20PRESUPUESTAL.pdf?hsLang=en
2026-10-05 22:36;Universidad Santo Tomás;Educación;;CONVOCATORIA   PROFESIONAL SOPORTE MARKETING PREGRADO;Colombia (organización colombiana);;;;https://usantotomas.edu.co/hubfs/CONVOCATORIA%20-%20PROFESIONAL%20SOPORTE%20MARKETING%20PREGRADO-1.pdf?hsLang=en
2026-10-05 22:36;Universidad Santo Tomás;Educación;;CONVOCATORIA   PROFESIONAL SOPORTE MARKETING PREGRADO;Colombia (organización colombiana);;;;https://usantotomas.edu.co/hubfs/CONVOCATORIA%20-%20PROFESIONAL%20SOPORTE%20MARKETING%20PREGRADO.pdf?hsLang=en
2026-10-05 22:36;Universidad Santo Tomás;Educación;;CONVOCATORIA   TECNICO DE LABORATORIOS;Colombia (organización colombiana);;;;https://usantotomas.edu.co/hubfs/CONVOCATORIA%20-%20TECNICO%20DE%20LABORATORIOS.pdf?hsLang=en
2026-10-05 22:36;Universidad Santo Tomás;Educación;;CONVOCATORIA   TECNICO DE LABORATORIOS (1);Colombia (organización colombiana);;;;https://usantotomas.edu.co/hubfs/CONVOCATORIA%20-%20TECNICO%20DE%20LABORATORIOS%20(1).pdf?hsLang=en
2026-10-05 22:36;Universidad Santo Tomás;Educación;;CONVOCATORIA   TECNICO LABORATORIO SUELOS;Colombia (organización colombiana);;;;https://usantotomas.edu.co/hubfs/CONVOCATORIA%20-%20TECNICO%20LABORATORIO%20SUELOS.pdf?hsLang=en
2026-10-05 22:36;Universidad Santo Tomás;Educación;;CONVOCATORIA  AUXILIAR CARTERA ICETEX (1);Colombia (organización colombiana);;;;https://usantotomas.edu.co/hubfs/CONVOCATORIA%20-AUXILIAR%20CARTERA%20ICETEX%20(1).pdf?hsLang=en
2026-10-05 22:36;Universidad Santo Tomás;Educación;;CONVOCATORIA (A) SALUD Y DESRR  HUMANO;Colombia (organización colombiana);;;;https://usantotomas.edu.co/hubfs/CONVOCATORIA%20(A)%20SALUD%20Y%20DESRR.%20HUMANO.pdf?hsLang=en
2026-10-05 22:36;Universidad Santo Tomás;Educación;;CONVOCATORIA ANALISTA DESARROLLO TIC (1);Colombia (organización colombiana);;;;https://usantotomas.edu.co/hubfs/CONVOCATORIA-ANALISTA-DESARROLLO-TIC%20(1).pdf?hsLang=en
2026-10-05 22:36;Universidad Santo Tomás;Educación;;CONVOCATORIA AUX CONTABLE;Colombia (organización colombiana);;;;https://usantotomas.edu.co/hubfs/CONVOCATORIA%20AUX%20CONTABLE.pdf?hsLang=en
2026-10-05 22:36;Universidad Santo Tomás;Educación;;CONVOCATORIA AUXILIAR  CRÉDITO Y CARTERA;Colombia (organización colombiana);;;;https://usantotomas.edu.co/hubfs/CONVOCATORIA-AUXILIAR-%20CR%C3%89DITO-Y-CARTERA.pdf?hsLang=en
2026-10-05 22:36;Universidad Santo Tomás;Educación;;CONVOCATORIA AUXILIAR CILCE;Colombia (organización colombiana);;;;https://usantotomas.edu.co/hubfs/CONVOCATORIA-AUXILIAR-CILCE.pdf?hsLang=en
2026-10-05 22:36;Universidad Santo Tomás;Educación;;CONVOCATORIA AUXILIAR CONTRATACION DIRECCION GTH;Colombia (organización colombiana);;;;https://usantotomas.edu.co/hubfs/CONVOCATORIA-AUXILIAR-CONTRATACION-DIRECCION-GTH.pdf?hsLang=en
2026-10-05 22:36;Universidad Santo Tomás;Educación;;CONVOCATORIA AUXILIAR CRAI (1);Colombia (organización colombiana);;;;https://usantotomas.edu.co/hubfs/CONVOCATORIA-AUXILIAR-CRAI%20(1).pdf?hsLang=en
2026-10-05 22:36;Universidad Santo Tomás;Educación;;CONVOCATORIA AUXILIAR DE COMPRAS;Colombia (organización colombiana);;;;https://usantotomas.edu.co/hubfs/CONVOCATORIA-AUXILIAR-DE-COMPRAS.pdf?hsLang=en
2026-10-05 22:36;Universidad Santo Tomás;Educación;;CONVOCATORIA AUXILIAR DE LABORATORIOS;Colombia (organización colombiana);;;;https://usantotomas.edu.co/hubfs/CONVOCATORIA-AUXILIAR-DE-LABORATORIOS.pdf?hsLang=en
2026-10-05 22:36;Universidad Santo Tomás;Educación;;CONVOCATORIA AUXILIAR DE TIENDA TOMASINA;Colombia (organización colombiana);;;;https://usantotomas.edu.co/hubfs/CONVOCATORIA-AUXILIAR-DE-TIENDA-TOMASINA.pdf?hsLang=en
2026-10-05 22:36;Universidad Santo Tomás;Educación;;Convocatoria Auxiliar Nomina TH;Colombia (organización colombiana);;;;https://usantotomas.edu.co/hubfs/web-principal/archivos/Convocatoria_Auxiliar_Nomina_TH.pdf?hsLang=en
2026-10-05 22:36;Universidad Santo Tomás;Educación;;CONVOCATORIA AUXILIAR PRESUPUESTO DIRECCION DE PRESUPUESTO;Colombia (organización colombiana);;;;https://usantotomas.edu.co/hubfs/CONVOCATORIA-AUXILIAR-PRESUPUESTO--DIRECCION-DE-PRESUPUESTO.pdf?hsLang=en
2026-10-05 22:36;Universidad Santo Tomás;Educación;;CONVOCATORIA AUXILIAR SANTOTOFOOD;Colombia (organización colombiana);;;;https://usantotomas.edu.co/hubfs/CONVOCATORIA%20AUXILIAR%20SANTOTOFOOD.pdf?hsLang=en
2026-10-05 22:36;Universidad Santo Tomás;Educación;;CONVOCATORIA AUXILIAR SEGURIDAD Y SALUD EN EL TRABAJO;Colombia (organización colombiana);;;;https://usantotomas.edu.co/hubfs/web-principal/archivos/CONVOCATORIA-AUXILIAR-SEGURIDAD-Y-SALUD-EN-EL-TRABAJO.pdf?hsLang=en
2026-10-05 22:36;Universidad Santo Tomás;Educación;;CONVOCATORIA AUXILIAR SERVICIO AL CLIENTE CAFETERIA;Colombia (organización colombiana);;;;https://usantotomas.edu.co/hubfs/CONVOCATORIA-AUXILIAR-SERVICIO-AL-CLIENTE-CAFETERIA.pdf?hsLang=en
2026-10-05 22:36;Universidad Santo Tomás;Educación;;CONVOCATORIA COORD CAU MEDELLÍN;Colombia;;;;https://usantotomas.edu.co/hubfs/CONVOCATORIA%20COORD%20CAU%20MEDELL%C3%8DN.pdf?hsLang=en
2026-10-05 22:36;Universidad Santo Tomás;Educación;;CONVOCATORIA COORD CAU OCAÑA;Colombia;;;;https://usantotomas.edu.co/hubfs/CONVOCATORIA%20COORD%20CAU%20OCA%C3%91A.pdf?hsLang=en
2026-10-05 22:36;Universidad Santo Tomás;Educación;;CONVOCATORIA COORD CAU SINCELEJO;Colombia;;;;https://usantotomas.edu.co/hubfs/CONVOCATORIA%20COORD%20CAU%20SINCELEJO.pdf?hsLang=en
2026-10-05 22:36;Universidad Santo Tomás;Educación;;CONVOCATORIA COORD CONTABILIDAD;Colombia (organización colombiana);;;;https://usantotomas.edu.co/hubfs/CONVOCATORIA-COORD-CONTABILIDAD.pdf?hsLang=en
2026-10-05 22:36;Universidad Santo Tomás;Educación;;CONVOCATORIA COORD DE CONTABILIDAD;Colombia (organización colombiana);;;;https://usantotomas.edu.co/hubfs/CONVOCATORIA%20COORD%20DE%20CONTABILIDAD.pdf?hsLang=en
2026-10-05 22:36;Universidad Santo Tomás;Educación;;CONVOCATORIA COORD DE EDUCACIÓN CONTINUA;Colombia (organización colombiana);;;;https://usantotomas.edu.co/hubfs/CONVOCATORIA-COORD-DE-EDUCACI%C3%93N-CONTINUA...pdf?hsLang=en
2026-10-05 22:36;Universidad Santo Tomás;Educación;;CONVOCATORIA COORD DESARROLLO COMUNITARIO;Colombia (organización colombiana);;;;https://usantotomas.edu.co/hubfs/web-principal/archivos/CONVOCATORIA-COORD-DESARROLLO-COMUNITARIO.pdf?hsLang=en
2026-10-05 22:36;Universidad Santo Tomás;Educación;;CONVOCATORIA COORD DESARROLLO TIC;Colombia (organización colombiana);;;;https://usantotomas.edu.co/hubfs/CONVOCATORIA-COORD-DESARROLLO-TIC.pdf?hsLang=en
2026-10-05 22:36;Universidad Santo Tomás;Educación;;CONVOCATORIA COORD EMPRENDIMIENTO;Colombia (organización colombiana);;;;https://usantotomas.edu.co/hubfs/web-principal/archivos/CONVOCATORIA-COORD-EMPRENDIMIENTO.pdf?hsLang=en
2026-10-05 22:36;Universidad Santo Tomás;Educación;;CONVOCATORIA COORD EMPRENDIMIENTO;Colombia (organización colombiana);;;;https://usantotomas.edu.co/hubfs/CONVOCATORIA-COORD-EMPRENDIMIENTO.pdf?hsLang=en
2026-10-05 22:36;Universidad Santo Tomás;Educación;;CONVOCATORIA COORDINADOR A CORRESPONDENCIA;Colombia (organización colombiana);;;coordinador;https://usantotomas.edu.co/hubfs/web-principal/archivos/CONVOCATORIA-COORDINADOR-A-CORRESPONDENCIA.pdf?hsLang=en
2026-10-05 22:36;Universidad Santo Tomás;Educación;;CONVOCATORIA COORDINADOR CAU ARAUCA;Colombia;;;coordinador;https://usantotomas.edu.co/hubfs/CONVOCATORIA-COORDINADOR-CAU-ARAUCA-1.pdf?hsLang=en
2026-10-05 22:36;Universidad Santo Tomás;Educación;;CONVOCATORIA COORDINADOR CAU ARAUCA;Colombia;;;coordinador;https://usantotomas.edu.co/hubfs/CONVOCATORIA-COORDINADOR-CAU-ARAUCA.pdf?hsLang=en
2026-10-05 22:36;Universidad Santo Tomás;Educación;;CONVOCATORIA COORDINADOR CAU YOPAL;Colombia;;;coordinador;https://usantotomas.edu.co/hubfs/CONVOCATORIA-COORDINADOR-CAU-YOPAL.pdf?hsLang=en
2026-10-05 22:36;Universidad Santo Tomás;Educación;;CONVOCATORIA COORDINADOR CAU YOPAL (1);Colombia;;;coordinador;https://usantotomas.edu.co/hubfs/CONVOCATORIA-COORDINADOR-CAU-YOPAL%20(1).pdf?hsLang=en
2026-10-05 22:36;Universidad Santo Tomás;Educación;;CONVOCATORIA COORDINADOR DEPORTES;Colombia (organización colombiana);;;coordinador;https://usantotomas.edu.co/hubfs/CONVOCATORIA-COORDINADOR-DEPORTES.pdf?hsLang=en
2026-10-05 22:36;Universidad Santo Tomás;Educación;;CONVOCATORIA COORDINADOR DESARROLLO DOCENTE;Colombia (organización colombiana);;;coordinador;https://usantotomas.edu.co/hubfs/CONVOCATORIA-COORDINADOR-DESARROLLO-DOCENTE-1.pdf?hsLang=en
2026-10-05 22:36;Universidad Santo Tomás;Educación;;CONVOCATORIA COORDINADOR DESARROLLO DOCENTE;Colombia (organización colombiana);;;coordinador;https://usantotomas.edu.co/hubfs/CONVOCATORIA-COORDINADOR-DESARROLLO-DOCENTE.pdf?hsLang=en
2026-10-05 22:36;Universidad Santo Tomás;Educación;;CONVOCATORIA COORDINADOR SANTOTO SERVICE;Colombia (organización colombiana);;;coordinador;https://usantotomas.edu.co/hubfs/CONVOCATORIA-COORDINADOR-SANTOTO-SERVICE.pdf?hsLang=en
2026-10-05 22:36;Universidad Santo Tomás;Educación;;CONVOCATORIA COORDINADORES CAUS;Colombia;;;;https://usantotomas.edu.co/hubfs/CONVOCATORIA-COORDINADORES-CAUS..pdf?hsLang=en
2026-10-05 22:36;Universidad Santo Tomás;Educación;;CONVOCATORIA COORDINADORES CAUS;Colombia;;;;https://usantotomas.edu.co/hubfs/CONVOCATORIA-COORDINADORES-CAUS.pdf?hsLang=en
2026-10-05 22:36;Universidad Santo Tomás;Educación;;CONVOCATORIA DEC  FACULTAD DE MERCADEO (1);Colombia (organización colombiana);;;;https://usantotomas.edu.co/hubfs/CONVOCATORIA%20DEC.%20FACULTAD%20DE%20MERCADEO%20(1).pdf?hsLang=en
2026-10-05 22:36;Universidad Santo Tomás;Educación;;CONVOCATORIA DEC FACULTAD DE ECONOMIA;Colombia (organización colombiana);;;;https://usantotomas.edu.co/hubfs/CONVOCATORIA-DEC-FACULTAD-DE-ECONOMIA.pdf?hsLang=en
2026-10-05 22:36;Universidad Santo Tomás;Educación;;CONVOCATORIA DECANO  FAC  INGENERIA TIC;Colombia (organización colombiana);;;;https://usantotomas.edu.co/hubfs/CONVOCATORIA-DECANO-%20FAC-%20INGENERIA-TIC.pdf?hsLang=en
2026-10-05 22:36;Universidad Santo Tomás;Educación;;CONVOCATORIA DECANO  FILOSOFIA;Colombia (organización colombiana);;;;https://usantotomas.edu.co/hubfs/CONVOCATORIA-DECANO-%20FILOSOFIA.pdf?hsLang=en
2026-10-05 22:36;Universidad Santo Tomás;Educación;;CONVOCATORIA DECANO (A) FACULTAD DE COMUNICACIÓN;Colombia (organización colombiana);;;;https://usantotomas.edu.co/hubfs/CONVOCATORIA%20DECANO%20(A)%20FACULTAD%20DE%20COMUNICACI%C3%93N.pdf?hsLang=en
2026-10-05 22:36;Universidad Santo Tomás;Educación;;CONVOCATORIA DECANO DE EDUCACIÓN;Colombia (organización colombiana);;;;https://usantotomas.edu.co/hubfs/CONVOCATORIA-DECANO-DE-EDUCACI%C3%93N.pdf?hsLang=en
2026-10-05 22:36;Universidad Santo Tomás;Educación;;CONVOCATORIA DECANO DE SOCIOLOGIA;Colombia (organización colombiana);;;;https://usantotomas.edu.co/hubfs/CONVOCATORIA-DECANO-DE-SOCIOLOGIA.pdf?hsLang=en
2026-10-05 22:36;Universidad Santo Tomás;Educación;;CONVOCATORIA DECANO ELECTRÓNICA;Colombia (organización colombiana);;;;https://usantotomas.edu.co/hubfs/CONVOCATORIA-DECANO-ELECTR%C3%93NICA.pdf?hsLang=en
2026-10-05 22:36;Universidad Santo Tomás;Educación;;CONVOCATORIA DECANO FAC DERECHO;Colombia (organización colombiana);;;;https://usantotomas.edu.co/hubfs/CONVOCATORIA-DECANO-FAC-DERECHO.pdf?hsLang=en
2026-10-05 22:36;Universidad Santo Tomás;Educación;;CONVOCATORIA decano facultad arquitectura;Colombia;;;;https://usantotomas.edu.co/hubfs/CONVOCATORIA-decano-facultad-arquitectura.pdf?hsLang=en
2026-10-05 22:36;Universidad Santo Tomás;Educación;;CONVOCATORIA DECANO FACULTAD DE CIENCIAS AMBIENTALES;Colombia (organización colombiana);;;;https://usantotomas.edu.co/hubfs/CONVOCATORIA%20DECANO%20FACULTAD%20DE%20CIENCIAS%20AMBIENTALES.pdf?hsLang=en
2026-10-05 22:36;Universidad Santo Tomás;Educación;;CONVOCATORIA DECANO FACULTAD DE CULTURA FISICA, DEPORTE Y RECREACIÓN;Colombia (organización colombiana);;;;https://usantotomas.edu.co/hubfs/CONVOCATORIA%20DECANO%20FACULTAD%20DE%20CULTURA%20FISICA%2c%20DEPORTE%20Y%20RECREACI%C3%93N.pdf?hsLang=en
2026-10-05 22:36;Universidad Santo Tomás;Educación;;CONVOCATORIA decanoa diseno;Colombia (organización colombiana);;;;https://usantotomas.edu.co/hubfs/CONVOCATORIA-decanoa-diseno.pdf?hsLang=en
2026-10-05 22:36;Universidad Santo Tomás;Educación;;CONVOCATORIA DIR  BIENESTAR;Colombia (organización colombiana);;;;https://usantotomas.edu.co/hubfs/CONVOCATORIA-DIR-%20BIENESTAR.pdf?hsLang=en
2026-10-05 22:36;Universidad Santo Tomás;Educación;;CONVOCATORIA DIR BIENESTAR;Colombia (organización colombiana);;;;https://usantotomas.edu.co/hubfs/CONVOCATORIA-DIR-BIENESTAR.pdf?hsLang=en
2026-10-05 22:36;Universidad Santo Tomás;Educación;;CONVOCATORIA DIR CIENCIAS BÁSICAS;Colombia (organización colombiana);;;;https://usantotomas.edu.co/hubfs/CONVOCATORIA%20DIR%20CIENCIAS%20B%C3%81SICAS.pdf?hsLang=en
2026-10-05 22:36;Universidad Santo Tomás;Educación;;CONVOCATORIA DIR ENSEÑANZA Y APRENDIZAJE;Colombia (organización colombiana);;;;https://usantotomas.edu.co/hubfs/CONVOCATORIA%20DIR%20ENSE%C3%91ANZA%20Y%20APRENDIZAJE.pdf?hsLang=en
2026-10-05 22:36;Universidad Santo Tomás;Educación;;CONVOCATORIA DIR ENSEÑANZA Y APRENDIZAJE (1);Colombia (organización colombiana);;;;https://usantotomas.edu.co/hubfs/CONVOCATORIA%20DIR%20ENSE%C3%91ANZA%20Y%20APRENDIZAJE%20(1).pdf?hsLang=en
2026-10-05 22:36;Universidad Santo Tomás;Educación;;CONVOCATORIA DIR HUMANIDADES;Colombia (organización colombiana);;;;https://usantotomas.edu.co/hubfs/CONVOCATORIA-DIR-HUMANIDADES.pdf?hsLang=en
2026-10-05 22:36;Universidad Santo Tomás;Educación;;CONVOCATORIA DIR RELINTER (1);Colombia (organización colombiana);;;;https://usantotomas.edu.co/hubfs/CONVOCATORIA%20DIR.RELINTER%20(1).pdf?hsLang=en
2026-10-05 22:36;Universidad Santo Tomás;Educación;;CONVOCATORIA DIRECTOR (A) CONTABILIDAD;Colombia (organización colombiana);;;;https://usantotomas.edu.co/hubfs/CONVOCATORIA-DIRECTOR-(A)-CONTABILIDAD.pdf?hsLang=en
2026-10-05 22:36;Universidad Santo Tomás;Educación;;CONVOCATORIA DIRECTOR A ASEGURAMIENTO DE LA CALIDAD;Colombia (organización colombiana);;;;https://usantotomas.edu.co/hubfs/CONVOCATORIA-DIRECTOR-A-ASEGURAMIENTO-DE-LA-CALIDAD.pdf?hsLang=en
2026-10-05 22:36;Universidad Santo Tomás;Educación;;CONVOCATORIA DIRECTOR CILCE;Colombia (organización colombiana);;;;https://usantotomas.edu.co/hubfs/CONVOCATORIA-DIRECTOR-CILCE-1.pdf?hsLang=en
2026-10-05 22:36;Universidad Santo Tomás;Educación;;CONVOCATORIA DIRECTOR CILCE;Colombia (organización colombiana);;;;https://usantotomas.edu.co/hubfs/CONVOCATORIA-DIRECTOR-CILCE.pdf?hsLang=en
2026-10-05 22:36;Universidad Santo Tomás;Educación;;CONVOCATORIA DIRECTOR DRI;Colombia (organización colombiana);;;;https://usantotomas.edu.co/hubfs/CONVOCATORIA-DIRECTOR-DRI.pdf?hsLang=en
2026-10-05 22:36;Universidad Santo Tomás;Educación;;CONVOCATORIA DIRECTOR PRESUPUESTO;Colombia (organización colombiana);;;;https://usantotomas.edu.co/hubfs/CONVOCATORIA-DIRECTOR-PRESUPUESTO.pdf?hsLang=en
2026-10-05 22:36;Universidad Santo Tomás;Educación;;CONVOCATORIA DIRECTOR(A) DE LA DIRECCIÓN DE ASEGURAMIENTO DE LA CALIDAD (1);Colombia (organización colombiana);;;;https://usantotomas.edu.co/hubfs/CONVOCATORIA%20DIRECTOR(A)%20DE%20LA%20DIRECCI%C3%93N%20DE%20ASEGURAMIENTO%20DE%20LA%20CALIDAD%20(1).pdf?hsLang=en
2026-10-05 22:36;Universidad Santo Tomás;Educación;;CONVOCATORIA DISENADOR GRAFICO 21Marzo;Colombia (organización colombiana);;;;https://usantotomas.edu.co/hubfs/CONVOCATORIA-DISENADOR-GRAFICO-21Marzo.pdf?hsLang=en
2026-10-05 22:36;Universidad Santo Tomás;Educación;;CONVOCATORIA DISEÑADOR GRAFICO;Colombia (organización colombiana);;;;https://usantotomas.edu.co/hubfs/CONVOCATORIA%20DISE%C3%91ADOR%20GRAFICO.pdf?hsLang=en
2026-10-05 22:36;Universidad Santo Tomás;Educación;;CONVOCATORIA DOCENTE;Colombia (organización colombiana);;;;https://usantotomas.edu.co/hubfs/CONVOCATORIA%20DOCENTE.pdf?hsLang=en
2026-10-05 22:36;Universidad Santo Tomás;Educación;;CONVOCATORIA ENTRENADOR DE BALONCESTO;Colombia (organización colombiana);;;;https://usantotomas.edu.co/hubfs/CONVOCATORIA-ENTRENADOR-DE-BALONCESTO.pdf?hsLang=en
2026-10-05 22:36;Universidad Santo Tomás;Educación;;CONVOCATORIA FISIOTERAPEUTA (1);Colombia (organización colombiana);;;;https://usantotomas.edu.co/hubfs/CONVOCATORIA%20FISIOTERAPEUTA%20(1).pdf?hsLang=en
2026-10-05 22:36;Universidad Santo Tomás;Educación;;CONVOCATORIA INSTRUCTOR CULTURAL MUSICA MT;Colombia (organización colombiana);;;;https://usantotomas.edu.co/hubfs/CONVOCATORIA-INSTRUCTOR-CULTURAL-MUSICA-MT.pdf?hsLang=en
2026-10-05 22:36;Universidad Santo Tomás;Educación;;CONVOCATORIA INTERNA   PROFESIONAL SOPORTE ADMINISTRATIVO;Colombia (organización colombiana);;;;https://usantotomas.edu.co/hubfs/CONVOCATORIA%20INTERNA%20-%20PROFESIONAL%20SOPORTE%20ADMINISTRATIVO.pdf?hsLang=en
2026-10-05 22:36;Universidad Santo Tomás;Educación;;Convocatoria para Arrendamiento de Cafeterías - Bogotá;Colombia;;;Bogotá;https://usantotomas.edu.co/hubfs/Conv.%20cafeterias%202026.pdf?hsLang=en
2026-10-05 22:36;Universidad Santo Tomás;Educación;;Convocatoria para arrendamiento de cafeterías 2025;Colombia (organización colombiana);;;;https://usantotomas.edu.co/hubfs/Conv.%20cafeterias%202025.pdf?hsLang=en
2026-10-05 22:36;Universidad Santo Tomás;Educación;;Convocatoria para el Servicio de Aseo Integral - Bogotá, Medellín y CAUS;Colombia;;;Bogotá;https://usantotomas.edu.co/hubfs/Conv.%20aseo%20y%20limpieza%202026.pdf?hsLang=en
2026-10-05 22:36;Universidad Santo Tomás;Educación;;Convocatoria para el Servicio Integral de Vigilancia y Seguridad Privada - Bogotá, Medellín y CAUS;Colombia;;;Bogotá;https://usantotomas.edu.co/hubfs/Conv.%20vigilancia%202026.pdf?hsLang=en
2026-10-05 22:36;Universidad Santo Tomás;Educación;;Convocatoria para prestar el Servicio de Transporte - Bogotá Campus San Alberto Magno;Colombia;;;Bogotá;https://usantotomas.edu.co/hubfs/Conv.%20transporte%202026.pdf?hsLang=en
2026-10-05 22:36;Universidad Santo Tomás;Educación;;CONVOCATORIA PRACTICANTE DE COMUNICACIÓN SOCIAL (1);Colombia (organización colombiana);;;;https://usantotomas.edu.co/hubfs/CONVOCATORIA-PRACTICANTE-DE-COMUNICACI%C3%93N-SOCIAL%20(1).pdf?hsLang=en
2026-10-05 22:36;Universidad Santo Tomás;Educación;;CONVOCATORIA PRACTICANTE DISEÑO GRÁFICO (1);Colombia (organización colombiana);;;;https://usantotomas.edu.co/hubfs/CONVOCATORIA-PRACTICANTE-DISE%C3%91O-GR%C3%81FICO%20(1).pdf?hsLang=en
2026-10-05 22:36;Universidad Santo Tomás;Educación;;CONVOCATORIA PROF CALIDAD;Colombia (organización colombiana);;;;https://usantotomas.edu.co/hubfs/CONVOCATORIA-PROF.-CALIDAD.pdf?hsLang=en
2026-10-05 22:36;Universidad Santo Tomás;Educación;;CONVOCATORIA PROF ESP FINANCIERA;Colombia (organización colombiana);;;;https://usantotomas.edu.co/hubfs/CONVOCATORIA-PROF%20ESP-FINANCIERA-1.pdf?hsLang=en
2026-10-05 22:36;Universidad Santo Tomás;Educación;;CONVOCATORIA PROF ESP PEDAGOGIA;Colombia (organización colombiana);;;;https://usantotomas.edu.co/hubfs/CONVOCATORIA-PROF-ESP-PEDAGOGIA..-1.pdf?hsLang=en
2026-10-05 22:36;Universidad Santo Tomás;Educación;;CONVOCATORIA PROF ESP PEDAGOGIA;Colombia (organización colombiana);;;;https://usantotomas.edu.co/hubfs/CONVOCATORIA-PROF-ESP-PEDAGOGIA...pdf?hsLang=en
2026-10-05 22:36;Universidad Santo Tomás;Educación;;CONVOCATORIA PROF FINANCIERA;Colombia (organización colombiana);;;;https://usantotomas.edu.co/hubfs/CONVOCATORIA-PROF-FINANCIERA-1.pdf?hsLang=en
2026-10-05 22:36;Universidad Santo Tomás;Educación;;CONVOCATORIA PROF SOP  MOVILIDAD SALIENTE;Colombia (organización colombiana);;;;https://usantotomas.edu.co/hubfs/CONVOCATORIA-PROF-SOP-%20MOVILIDAD-SALIENTE.pdf?hsLang=en
2026-10-05 22:36;Universidad Santo Tomás;Educación;;CONVOCATORIA PROF SOP  MOVILIDAD SALIENTE (1);Colombia (organización colombiana);;;;https://usantotomas.edu.co/hubfs/CONVOCATORIA-PROF-SOP-%20MOVILIDAD-SALIENTE%20(1).pdf?hsLang=en
2026-10-05 22:36;Universidad Santo Tomás;Educación;;CONVOCATORIA PROF SOP  SELECCION;Colombia (organización colombiana);;;;https://usantotomas.edu.co/hubfs/CONVOCATORIA-PROF-SOP-%20SELECCION.pdf?hsLang=en
2026-10-05 22:36;Universidad Santo Tomás;Educación;;CONVOCATORIA PROF SOP ACTIVOS FIJOS;Colombia (organización colombiana);;;;https://usantotomas.edu.co/hubfs/CONVOCATORIA-PROF-SOP-ACTIVOS-FIJOS.pdf?hsLang=en
2026-10-05 22:36;Universidad Santo Tomás;Educación;;CONVOCATORIA PROF SOP CONVENIOS;Colombia (organización colombiana);;;;https://usantotomas.edu.co/hubfs/CONVOCATORIA-PROF-SOP-CONVENIOS.pdf?hsLang=en
2026-10-05 22:36;Universidad Santo Tomás;Educación;;CONVOCATORIA PROF SOP DESAROLLO;Colombia (organización colombiana);;;;https://usantotomas.edu.co/hubfs/CONVOCATORIA-PROF-SOP-DESAROLLO.pdf?hsLang=en
2026-10-05 22:36;Universidad Santo Tomás;Educación;;CONVOCATORIA PROF SOP DESARROLLO COMUNITARIO;Colombia (organización colombiana);;;;https://usantotomas.edu.co/hubfs/CONVOCATORIA-PROF.SOP-DESARROLLO-COMUNITARIO.pdf?hsLang=en
2026-10-05 22:36;Universidad Santo Tomás;Educación;;CONVOCATORIA PROF SOP ESTADISTICA;Colombia (organización colombiana);;;;https://usantotomas.edu.co/hubfs/CONVOCATORIA-PROF-SOP-ESTADISTICA.pdf?hsLang=en
2026-10-05 22:36;Universidad Santo Tomás;Educación;;CONVOCATORIA PROF SOP MOVILIDAD GLOBAL;Colombia (organización colombiana);;;;https://usantotomas.edu.co/hubfs/CONVOCATORIA-PROF-SOP-MOVILIDAD-GLOBAL.pdf?hsLang=en
2026-10-05 22:36;Universidad Santo Tomás;Educación;;CONVOCATORIA PROF SOP POSGRADOS;Colombia (organización colombiana);;;;https://usantotomas.edu.co/hubfs/CONVOCATORIA-PROF-SOP-POSGRADOS.pdf?hsLang=en
2026-10-05 22:36;Universidad Santo Tomás;Educación;;CONVOCATORIA PROF SOP POSGRADOS COMUNICACIÓN;Colombia (organización colombiana);;;;https://usantotomas.edu.co/hubfs/CONVOCATORIA-PROF-SOP-POSGRADOS-COMUNICACI%C3%93N.pdf?hsLang=en
2026-10-05 22:36;Universidad Santo Tomás;Educación;;CONVOCATORIA PROF SOP PROCESOS GTH;Colombia (organización colombiana);;;;https://usantotomas.edu.co/hubfs/CONVOCATORIA-PROF-SOP-PROCESOS-GTH.pdf?hsLang=en
2026-10-05 22:36;Universidad Santo Tomás;Educación;;CONVOCATORIA PROF SOP SG SST;Colombia (organización colombiana);;;;https://usantotomas.edu.co/hubfs/CONVOCATORIA-PROF-SOP-SG-SST.pdf?hsLang=en
2026-10-05 22:36;Universidad Santo Tomás;Educación;;CONVOCATORIA PROFESIONAL ESP SEGURIDAD SOCIAL;Colombia (organización colombiana);;;;https://usantotomas.edu.co/hubfs/CONVOCATORIA-PROFESIONAL-ESP-SEGURIDAD-SOCIAL.pdf?hsLang=en
2026-10-05 22:36;Universidad Santo Tomás;Educación;;CONVOCATORIA PROFESIONAL ESP SEGURIDAD SOCIAL;Colombia (organización colombiana);;;;https://usantotomas.edu.co/hubfs/web-principal/archivos/CONVOCATORIA-PROFESIONAL-ESP-SEGURIDAD%20SOCIAL.pdf?hsLang=en
2026-10-05 22:36;Universidad Santo Tomás;Educación;;CONVOCATORIA PROFESIONAL SOP  SELECCION Y DESARROLLO (1);Colombia (organización colombiana);;;;https://usantotomas.edu.co/hubfs/CONVOCATORIA%20PROFESIONAL%20SOP.%20SELECCION%20Y%20DESARROLLO%20(1).pdf?hsLang=en
2026-10-05 22:36;Universidad Santo Tomás;Educación;;CONVOCATORIA PROFESIONAL SOPORTE  UNIDAD DE POSGRADOS;Colombia (organización colombiana);;;;https://usantotomas.edu.co/hubfs/CONVOCATORIA-PROFESIONAL-SOPORTE%20-UNIDAD-DE-POSGRADOS.pdf?hsLang=en
2026-10-05 22:36;Universidad Santo Tomás;Educación;;CONVOCATORIA PROFESIONAL SOPORTE AUDIOVISUAL Y MULTIMEDIA;Colombia (organización colombiana);;;;https://usantotomas.edu.co/hubfs/CONVOCATORIA-PROFESIONAL-SOPORTE-AUDIOVISUAL-Y-MULTIMEDIA.pdf?hsLang=en
2026-10-05 22:36;Universidad Santo Tomás;Educación;;CONVOCATORIA PROFESIONAL SOPORTE AUDITORIA FINANCIERA;Colombia (organización colombiana);;;;https://usantotomas.edu.co/hubfs/CONVOCATORIA-PROFESIONAL-SOPORTE-AUDITORIA-FINANCIERA.pdf?hsLang=en
2026-10-05 22:36;Universidad Santo Tomás;Educación;;CONVOCATORIA PROFESIONAL SOPORTE DIV SALUD;Colombia (organización colombiana);;;;https://usantotomas.edu.co/hubfs/CONVOCATORIA-PROFESIONAL-SOPORTE-DIV-SALUD.pdf?hsLang=en
2026-10-05 22:36;Universidad Santo Tomás;Educación;;CONVOCATORIA PROFESIONAL SOPORTE EMISORA;Colombia (organización colombiana);;;;https://usantotomas.edu.co/hubfs/CONVOCATORIA-PROFESIONAL-SOPORTE-EMISORA.pdf?hsLang=en
2026-10-05 22:36;Universidad Santo Tomás;Educación;;CONVOCATORIA PROFESIONAL SOPORTE GRADUADOS;Colombia (organización colombiana);;;;https://usantotomas.edu.co/hubfs/CONVOCATORIA-PROFESIONAL-SOPORTE-GRADUADOS.pdf?hsLang=en
2026-10-05 22:36;Universidad Santo Tomás;Educación;;CONVOCATORIA PROFESIONAL SOPORTE WEB DIRECCION DE COMUNICACIONES;Colombia (organización colombiana);;;;https://usantotomas.edu.co/hubfs/CONVOCATORIA-PROFESIONAL-SOPORTE-WEB-DIRECCION-DE-COMUNICACIONES.pdf?hsLang=en
2026-10-05 22:36;Universidad Santo Tomás;Educación;;Convocatoria ProfesionalSoporte DisenoMultimedia;Colombia (organización colombiana);;;;https://usantotomas.edu.co/hubfs/web-principal/archivos/Convocatoria_ProfesionalSoporte_DisenoMultimedia.pdf?hsLang=en
2026-10-05 22:36;Universidad Santo Tomás;Educación;;CONVOCATORIA SALVAVIDAS;Colombia (organización colombiana);;;;https://usantotomas.edu.co/hubfs/CONVOCATORIA%20SALVAVIDAS.pdf?hsLang=en
2026-10-05 22:36;Universidad Santo Tomás;Educación;;CONVOCATORIA SECRE FACULTAD DE TEOLOGIA;Colombia (organización colombiana);;;;https://usantotomas.edu.co/hubfs/CONVOCATORIA-SECRE-FACULTAD-DE-TEOLOGIA.pdf?hsLang=en
2026-10-05 22:36;Universidad Santo Tomás;Educación;;CONVOCATORIA SECRE IA;Colombia (organización colombiana);;;;https://usantotomas.edu.co/hubfs/CONVOCATORIA%20SECRE%20IA.pdf?hsLang=en
2026-10-05 22:36;Universidad Santo Tomás;Educación;;CONVOCATORIA SECRETARIA;Colombia (organización colombiana);;;;https://usantotomas.edu.co/hubfs/CONVOCATORIA%20SECRETARIA.pdf?hsLang=en
2026-10-05 22:36;Universidad Santo Tomás;Educación;;CONVOCATORIA SECRETARIA CAU ARAUCA;Colombia;;;;https://usantotomas.edu.co/hubfs/CONVOCATORIA%20SECRETARIA%20CAU%20ARAUCA.pdf?hsLang=en
2026-10-05 22:36;Universidad Santo Tomás;Educación;;CONVOCATORIA SECRETARIA CAU NACIONAL (1);Colombia (organización colombiana);;;;https://usantotomas.edu.co/hubfs/CONVOCATORIA-SECRETARIA-CAU-NACIONAL%20(1).pdf?hsLang=en
2026-10-05 22:36;Universidad Santo Tomás;Educación;;CONVOCATORIA SECRETARIA CILCE (1);Colombia (organización colombiana);;;;https://usantotomas.edu.co/hubfs/CONVOCATORIA-SECRETARIA-CILCE%20(1).pdf?hsLang=en
2026-10-05 22:36;Universidad Santo Tomás;Educación;;CONVOCATORIA SECRETARIA DE DIVISION CIENCIAS DE LA SALUD;Colombia (organización colombiana);;;;https://usantotomas.edu.co/hubfs/CONVOCATORIA-SECRETARIA-DE-DIVISION-CIENCIAS-DE-LA-SALUD.pdf?hsLang=en
2026-10-05 22:36;Universidad Santo Tomás;Educación;;CONVOCATORIA SECRETARIA FACULTAD DE PSICOLOGIA;Colombia (organización colombiana);;;;https://usantotomas.edu.co/hubfs/CONVOCATORIA-SECRETARIA-FACULTAD-DE-PSICOLOGIA.pdf?hsLang=en
2026-10-05 22:36;Universidad Santo Tomás;Educación;;CONVOCATORIA SECRETARIA FNI;Colombia (organización colombiana);;;;https://usantotomas.edu.co/hubfs/CONVOCATORIA%20SECRETARIA%20FNI.pdf?hsLang=en
2026-10-05 22:36;Universidad Santo Tomás;Educación;;CONVOCATORIA TECNICO DESARROLLO TIC;Colombia (organización colombiana);;;;https://usantotomas.edu.co/hubfs/CONVOCATORIA-TECNICO-DESARROLLO-TIC.pdf?hsLang=en
2026-10-05 22:36;Universidad Santo Tomás;Educación;;CONVOCATORIA TECNICO EN INVENTARIOS;Colombia (organización colombiana);;;;https://usantotomas.edu.co/hubfs/CONVOCATORIA-TECNICO-EN-INVENTARIOS.pdf?hsLang=en
2026-10-05 22:36;Universidad Santo Tomás;Educación;;CONVOCATORIA TECNICO EN MULTIMEDIA DIRECCION CAMPUS VIRTUAL;Colombia (organización colombiana);;;;https://usantotomas.edu.co/hubfs/CONVOCATORIA-TECNICO-EN-MULTIMEDIA--DIRECCION-CAMPUS-VIRTUAL.pdf?hsLang=en
2026-10-05 22:36;Universidad Santo Tomás;Educación;;CONVOCATORIA TECNICO NOMINA;Colombia (organización colombiana);;;;https://usantotomas.edu.co/hubfs/CONVOCATORIA-TECNICO-NOMINA.pdf?hsLang=en
2026-10-05 22:36;Universidad Santo Tomás;Educación;;CONVOCATORIA TECNICO PLANTA FISICA;Colombia (organización colombiana);;;;https://usantotomas.edu.co/hubfs/CONVOCATORIA-TECNICO-PLANTA-FISICA-1.pdf?hsLang=en
2026-10-05 22:36;Universidad Santo Tomás;Educación;;CONVOCATORIA TECNICO PLANTA FISICA;Colombia (organización colombiana);;;;https://usantotomas.edu.co/hubfs/CONVOCATORIA-TECNICO-PLANTA-FISICA.pdf?hsLang=en
2026-10-05 22:36;Universidad Santo Tomás;Educación;;CONVOCATORIA TECNICO SG SST;Colombia (organización colombiana);;;;https://usantotomas.edu.co/hubfs/CONVOCATORIA-TECNICO-SG-SST.pdf?hsLang=en
2026-10-05 22:36;Universidad Santo Tomás;Educación;;CONVOCATORIA TECNÓLOGO DIRECCIÓN DE PLANTA FÍSICA;Colombia (organización colombiana);;;;https://usantotomas.edu.co/hubfs/CONVOCATORIA-TECN%C3%93LOGO-DIRECCI%C3%93N-DE-PLANTA-F%C3%8DSICA.pdf?hsLang=en
2026-10-05 22:36;Universidad Santo Tomás;Educación;;DIRECTOR A CENTROS DE ATENCION UNIVERSITARIA;Colombia (organización colombiana);;;;https://usantotomas.edu.co/hubfs/DIRECTOR-A-CENTROS-DE-ATENCION-UNIVERSITARIA.pdf?hsLang=en
2026-10-05 22:36;Universidad Santo Tomás;Educación;;PROF SOPO ADMIN EDITORIAL;Colombia (organización colombiana);;;;https://usantotomas.edu.co/hubfs/PROF%20SOPO%20ADMIN%20EDITORIAL.pdf?hsLang=en
2026-10-05 22:36;Universidad Santo Tomás;Educación;;PROFESIONAL SOPORTE CONTRACTUAL PÚBLICA Y PROPIEDAD INTELECTUAL DIRECCIÓN JURÍDICA;Colombia (organización colombiana);;;;https://usantotomas.edu.co/hubfs/PROFESIONAL-SOPORTE-CONTRACTUAL-P%C3%9ABLICA%20Y%20PROPIEDAD%20INTELECTUAL-DIRECCI%C3%93N-JUR%C3%8DDICA.pdf?hsLang=en
2026-10-05 22:36;Universidad Santo Tomás;Educación;;Terminos De Referencia Virtualización De Programas Académicos;Colombia (organización colombiana);;;programas;https://usantotomas.edu.co/hubfs/TERMINOS%20DE%20REFERENCIA%20VIRTUALIZACI%C3%93N%20DE%20PROGRAMAS%20ACAD%C3%89MICOS.pdf?hsLang=en
2026-10-05 22:36;War Child;Niñez;;Gulf Region Donor Engagement Specialist (Shared Services);Remoto;Hybrid / Remote;2026-09-17;remote;https://war-child-alliance.jobs.personio.com/job/2801210
2026-10-05 22:36;War Child;Niñez;;Internals Only: Senior Safeguarding Specialist (Fundraising Members, Country Cluster);Remoto;Hybrid / Remote;2026-06-04;remote;https://war-child-alliance.jobs.personio.com/job/2658748
2026-10-05 22:36;Wildlife Conservation Network;Sostenibilidad;;Rising Wildlife Leaders – Manager;Remoto;;;;https://wildnet.org/job-opening/rising-wildlife-leaders-manager
2026-10-05 22:36;Wildlife Conservation Society Colombia;Sostenibilidad;;Auxiliar de logística;Colombia (organización colombiana);;;;https://colombia.wcs.org/es-es/WCS-COLOMBIA/TRABAJA-CON-NOSOTROS/ID/26579/Auxiliar-de-logistica.aspx
2026-10-05 22:36;Wildlife Conservation Society Colombia;Sostenibilidad;;Consultor sistematización trinacional;Colombia (organización colombiana);;;;https://colombia.wcs.org/es-es/WCS-COLOMBIA/TRABAJA-CON-NOSOTROS/ID/26531/Consultor-sistematizacion-trinacional.aspx
2026-10-05 22:36;Wildlife Conservation Society Colombia;Sostenibilidad;;Consultoría - Estrategia de mercurio;Colombia (organización colombiana);;;;https://colombia.wcs.org/es-es/WCS-COLOMBIA/TRABAJA-CON-NOSOTROS/ID/26547/Consultoria--Estrategia-de-mercurio.aspx
2026-10-05 22:36;Wildlife Conservation Society Colombia;Sostenibilidad;;Consultoría - Profesional Gestión de Proyecto;Colombia (organización colombiana);;;;https://colombia.wcs.org/es-es/WCS-COLOMBIA/TRABAJA-CON-NOSOTROS/ID/26543/Consultoria--Profesional-Gestion-de-Proyecto.aspx
2026-10-05 22:36;Wildlife Conservation Society Colombia;Sostenibilidad;;Resultados finales de la convocatoria para Organizaciones de Base Comunitaria (OBC);Colombia (organización colombiana);;;;https://colombia.wcs.org/es-es/WCS-COLOMBIA/TRABAJA-CON-NOSOTROS/ID/26286/Resultados-finales-de-la-convocatoria-para-Organizaciones-de-Base-Comunitaria-OBC.aspx
